,0,1
0,"[0, 0, 0, 0]",0.0
1,"[1, 4, 3, 1]",1.0
2,"[5, 3, 3, 2]",1.0
3,"[3, 1, 2, 2]",0.0
4,"[0, 2, 2, 3]",0.0
5,"[4, 3, 3, 1]",1.0
6,"[4, 4, 4, 1]",1.0
7,"[4, 3, 3, 1]",1.0
8,"[5, 0, 3, 3]",0.0
9,"[7, 4, 4, 1]",1.0
10,"[0, 0, 0, 0]",0.0
11,"[6, 4, 2, 1]",1.0
12,"[3, 3, 4, 1]",1.0
13,"[4, 4, 4, 1]",1.0
14,"[3, 1, 4, 1]",0.0
15,"[0, 0, 0, 0]",0.0
16,"[5, 2, 3, 1]",1.0
17,"[3, 1, 1, 1]",0.0
18,"[3, 3, 3, 1]",1.0
19,"[4, 0, 0, 3]",0.0
20,"[6, 3, 5, 2]",0.0
21,"[3, 3, 3, 1]",1.0
22,"[2, 0, 0, 2]",0.0
23,"[2, 1, 0, 2]",0.0
24,"[5, 3, 4, 2]",1.0
25,"[6, 2, 11, 23]",0.0
26,"[2, 3, 3, 1]",1.0
27,"[2, 3, 3, 1]",1.0
28,"[5, 3, 1, 2]",1.0
29,"[0, 0, 0, 0]",0.0
30,"[1, 1, 0, 3]",0.0
31,"[5, 4, 2, 1]",1.0
32,"[0, 0, 0, 0]",0.0
33,"[5, 2, 0, 1]",0.0
34,"[4, 3, 3, 1]",1.0
35,"[1, 1, 0, 2]",0.0
36,"[1, 2, 0, 1]",0.0
37,"[1, 3, 2, 1]",1.0
38,"[7, 3, 3, 2]",1.0
39,"[3, 2, 2, 1]",1.0
40,"[1, 2, 1, 2]",0.0
41,"[2, 3, 4, 2]",1.0
42,"[0, 0, 0, 0]",0.0
43,"[7, 1, 4, 1]",1.0
44,"[4, 4, 4, 1]",1.0
45,"[0, 0, 0, 0]",0.0
46,"[5, 3, 3, 1]",1.0
47,"[9, 0, 4, 2]",0.0
48,"[4, 0, 1, 2]",0.0
49,"[3, 0, 1, 3]",0.0
50,"[5, 2, 3, 1]",1.0
51,"[2, 2, 3, 1]",1.0
52,"[1, 0, 4, 5]",0.0
53,"[4, 1, 0, 2]",0.0
54,"[5, 2, 5, 2]",1.0
55,"[0, 0, 0, 0]",0.0
56,"[0, 0, 0, 0]",0.0
57,"[0, 0, 0, 0]",0.0
58,"[6, 3, 3, 1]",1.0
59,"[6, 2, 3, 2]",0.0
60,"[0, 0, 0, 0]",0.0
61,"[4, 2, 3, 1]",1.0
62,"[1, 0, 0, 3]",0.0
63,"[6, 3, 5, 1]",1.0
64,"[2, 1, 0, 1]",0.0
65,"[2, 3, 4, 1]",1.0
66,"[2, 1, 1, 2]",0.0
67,"[4, 1, 4, 6]",0.0
68,"[5, 4, 3, 1]",1.0
69,"[0, 0, 0, 0]",0.0
70,"[3, 3, 4, 1]",1.0
71,"[0, 0, 0, 0]",0.0
72,"[4, 1, 1, 1]",0.0
73,"[2, 1, 1, 1]",0.0
74,"[4, 4, 3, 1]",1.0
75,"[5, 1, 3, 3]",0.0
76,"[2, 4, 3, 1]",1.0
77,"[2, 3, 1, 2]",0.0
78,"[5, 1, 1, 1]",0.0
79,"[2, 0, 3, 1]",0.0
80,"[4, 4, 5, 2]",0.0
81,"[3, 0, 0, 1]",0.0
82,"[1, 3, 3, 1]",1.0
83,"[3, 1, 5, 1]",0.0
84,"[11, 1, 2, 10]",0.0
85,"[3, 4, 3, 1]",1.0
86,"[2, 3, 3, 1]",1.0
87,"[2, 1, 4, 2]",0.0
88,"[12, 2, 4, 12]",0.0
89,"[3, 2, 2, 1]",1.0
90,"[2, 1, 1, 3]",0.0
91,"[5, 2, 2, 1]",1.0
92,"[2, 0, 5, 5]",0.0
93,"[3, 3, 2, 1]",1.0
94,"[4, 2, 4, 1]",1.0
95,"[1, 3, 2, 2]",0.0
96,"[2, 4, 0, 2]",0.0
97,"[4, 3, 5, 1]",1.0
98,"[3, 3, 0, 2]",0.0
99,"[2, 4, 2, 1]",1.0
100,"[0, 1, 3, 2]",0.0
101,"[2, 0, 0, 5]",0.0
102,"[4, 3, 3, 1]",1.0
103,"[3, 1, 1, 1]",0.0
104,"[0, 0, 0, 0]",0.0
105,"[6, 4, 3, 1]",1.0
106,"[3, 2, 4, 1]",1.0
107,"[0, 0, 0, 0]",0.0
108,"[0, 0, 0, 0]",0.0
109,"[2, 0, 0, 2]",0.0
110,"[2, 3, 4, 1]",1.0
111,"[0, 0, 0, 0]",0.0
112,"[4, 2, 4, 1]",1.0
113,"[4, 0, 0, 4]",0.0
114,"[3, 2, 1, 7]",0.0
115,"[2, 3, 4, 1]",1.0
116,"[0, 0, 0, 0]",0.0
117,"[3, 3, 2, 1]",1.0
118,"[1, 1, 1, 2]",0.0
119,"[4, 4, 3, 2]",1.0
120,"[4, 2, 3, 1]",1.0
121,"[15, 0, 0, 8]",0.0
122,"[3, 1, 1, 2]",0.0
123,"[4, 2, 3, 1]",1.0
124,"[3, 0, 0, 1]",0.0
125,"[4, 3, 5, 1]",1.0
126,"[3, 3, 3, 1]",1.0
127,"[0, 0, 0, 0]",0.0
128,"[4, 2, 3, 1]",1.0
129,"[7, 1, 3, 6]",0.0
130,"[3, 3, 4, 1]",1.0
131,"[3, 2, 0, 1]",0.0
132,"[3, 3, 1, 1]",1.0
133,"[0, 0, 0, 0]",0.0
134,"[4, 2, 3, 1]",1.0
135,"[1, 0, 0, 3]",0.0
136,"[1, 5, 2, 4]",0.0
137,"[5, 2, 2, 1]",1.0
138,"[1, 4, 2, 1]",1.0
139,"[2, 1, 1, 1]",0.0
140,"[4, 3, 5, 1]",1.0
141,"[2, 0, 0, 1]",0.0
142,"[6, 2, 3, 1]",1.0
143,"[5, 2, 1, 6]",0.0
144,"[0, 2, 1, 2]",0.0
145,"[2, 2, 4, 2]",1.0
146,"[0, 0, 0, 0]",0.0
147,"[1, 2, 3, 2]",0.0
148,"[2, 0, 2, 1]",0.0
149,"[2, 4, 4, 1]",1.0
150,"[1, 3, 4, 1]",1.0
151,"[5, 3, 2, 1]",1.0
152,"[1, 0, 1, 2]",0.0
153,"[1, 1, 1, 2]",0.0
154,"[0, 1, 0, 1]",0.0
155,"[3, 3, 7, 1]",1.0
156,"[5, 1, 1, 1]",0.0
157,"[4, 0, 0, 3]",0.0
158,"[1, 4, 4, 1]",1.0
159,"[5, 0, 2, 1]",0.0
160,"[3, 3, 4, 1]",1.0
161,"[2, 3, 4, 1]",1.0
162,"[3, 4, 1, 1]",1.0
163,"[0, 0, 1, 1]",0.0
164,"[5, 3, 3, 3]",1.0
165,"[2, 0, 0, 4]",0.0
166,"[3, 3, 5, 1]",1.0
167,"[5, 3, 2, 1]",1.0
168,"[7, 2, 3, 1]",1.0
169,"[3, 4, 4, 1]",1.0
170,"[4, 0, 0, 3]",0.0
171,"[4, 2, 4, 1]",1.0
172,"[3, 4, 4, 1]",1.0
173,"[6, 1, 4, 1]",1.0
174,"[11, 0, 1, 9]",0.0
175,"[1, 2, 3, 1]",1.0
176,"[3, 0, 1, 1]",0.0
177,"[3, 2, 5, 2]",0.0
178,"[0, 0, 0, 0]",0.0
179,"[4, 2, 4, 1]",1.0
180,"[4, 3, 3, 1]",1.0
181,"[2, 3, 2, 1]",1.0
182,"[3, 0, 2, 2]",0.0
183,"[0, 0, 0, 0]",0.0
184,"[6, 4, 3, 1]",1.0
185,"[1, 4, 3, 1]",1.0
186,"[1, 0, 0, 2]",0.0
187,"[2, 2, 0, 1]",0.0
188,"[5, 3, 3, 1]",1.0
189,"[2, 2, 5, 1]",1.0
190,"[0, 0, 0, 0]",0.0
191,"[1, 3, 3, 1]",1.0
192,"[1, 0, 0, 1]",0.0
193,"[4, 3, 3, 1]",1.0
194,"[5, 3, 3, 1]",1.0
195,"[3, 0, 1, 1]",0.0
196,"[5, 3, 5, 1]",1.0
197,"[4, 4, 3, 2]",1.0
198,"[7, 0, 1, 2]",0.0
199,"[5, 0, 0, 1]",0.0
200,"[3, 1, 1, 1]",0.0
201,"[3, 2, 3, 1]",1.0
202,"[4, 3, 4, 1]",1.0
203,"[5, 4, 4, 1]",1.0
204,"[4, 2, 4, 1]",1.0
205,"[3, 0, 4, 1]",0.0
206,"[2, 0, 1, 1]",0.0
207,"[5, 3, 4, 1]",1.0
208,"[6, 4, 6, 3]",0.0
209,"[1, 2, 3, 2]",0.0
210,"[3, 2, 3, 1]",1.0
211,"[1, 0, 7, 2]",0.0
212,"[0, 1, 0, 1]",0.0
213,"[4, 3, 3, 1]",1.0
214,"[3, 0, 0, 3]",0.0
215,"[3, 0, 0, 1]",0.0
216,"[4, 1, 1, 3]",0.0
217,"[4, 3, 0, 2]",1.0
218,"[5, 3, 2, 1]",1.0
219,"[4, 2, 3, 1]",1.0
220,"[5, 3, 1, 4]",0.0
221,"[0, 0, 0, 0]",0.0
222,"[3, 0, 0, 4]",0.0
223,"[0, 0, 0, 0]",0.0
224,"[0, 1, 0, 1]",0.0
225,"[3, 3, 3, 1]",1.0
226,"[2, 1, 4, 2]",0.0
227,"[4, 1, 4, 1]",1.0
228,"[0, 0, 0, 0]",0.0
229,"[3, 3, 3, 2]",1.0
230,"[2, 2, 2, 2]",0.0
231,"[3, 0, 3, 1]",0.0
232,"[3, 3, 4, 1]",1.0
233,"[0, 0, 0, 0]",0.0
234,"[4, 0, 5, 1]",1.0
235,"[2, 0, 3, 1]",0.0
236,"[4, 0, 4, 1]",1.0
237,"[8, 1, 2, 2]",0.0
238,"[5, 1, 4, 1]",1.0
239,"[2, 0, 0, 2]",0.0
240,"[7, 0, 5, 3]",0.0
241,"[2, 2, 5, 1]",1.0
242,"[7, 2, 4, 1]",1.0
243,"[3, 2, 2, 2]",0.0
244,"[7, 2, 4, 10]",0.0
245,"[2, 2, 3, 1]",1.0
246,"[0, 0, 0, 0]",0.0
247,"[4, 3, 4, 1]",1.0
248,"[3, 0, 3, 2]",0.0
249,"[2, 0, 2, 1]",0.0
250,"[3, 1, 3, 1]",1.0
251,"[4, 2, 3, 1]",1.0
252,"[1, 2, 1, 1]",1.0
253,"[5, 3, 2, 2]",1.0
254,"[2, 1, 0, 1]",0.0
255,"[5, 2, 3, 1]",1.0
256,"[0, 0, 0, 0]",0.0
257,"[0, 1, 0, 1]",0.0
258,"[3, 3, 2, 1]",1.0
259,"[2, 2, 2, 2]",0.0
260,"[4, 2, 2, 1]",1.0
261,"[3, 0, 0, 2]",0.0
262,"[3, 1, 2, 1]",0.0
263,"[4, 1, 3, 1]",1.0
264,"[7, 3, 2, 2]",0.0
265,"[2, 2, 2, 1]",1.0
266,"[0, 1, 2, 1]",0.0
267,"[0, 0, 0, 2]",0.0
268,"[4, 1, 0, 2]",0.0
269,"[0, 1, 0, 1]",0.0
270,"[2, 6, 4, 2]",1.0
271,"[3, 1, 5, 1]",0.0
272,"[3, 1, 2, 5]",0.0
273,"[0, 3, 0, 1]",0.0
274,"[5, 3, 1, 2]",1.0
275,"[0, 0, 0, 0]",0.0
276,"[0, 0, 1, 1]",0.0
277,"[12, 1, 0, 8]",0.0
278,"[0, 1, 0, 1]",0.0
279,"[10, 2, 2, 4]",0.0
280,"[1, 4, 3, 1]",1.0
281,"[5, 4, 3, 1]",1.0
282,"[1, 0, 1, 4]",0.0
283,"[3, 2, 2, 1]",1.0
284,"[6, 1, 4, 9]",0.0
285,"[5, 4, 2, 2]",1.0
286,"[0, 0, 0, 0]",0.0
287,"[5, 3, 3, 2]",1.0
288,"[1, 0, 1, 2]",0.0
289,"[2, 2, 3, 1]",1.0
290,"[2, 1, 7, 3]",0.0
291,"[4, 2, 2, 1]",1.0
292,"[2, 1, 0, 2]",0.0
293,"[1, 1, 1, 1]",0.0
294,"[1, 1, 1, 1]",0.0
295,"[1, 1, 2, 1]",0.0
296,"[6, 4, 4, 1]",1.0
297,"[0, 0, 0, 0]",0.0
298,"[4, 3, 5, 1]",1.0
299,"[6, 3, 3, 1]",1.0
300,"[4, 1, 0, 6]",0.0
301,"[0, 0, 0, 0]",0.0
302,"[1, 1, 0, 3]",0.0
303,"[1, 0, 0, 2]",0.0
304,"[4, 0, 3, 2]",0.0
305,"[5, 4, 4, 1]",1.0
306,"[2, 1, 3, 1]",0.0
307,"[0, 0, 0, 0]",0.0
308,"[5, 2, 3, 1]",1.0
309,"[4, 0, 2, 2]",0.0
310,"[2, 2, 2, 1]",0.0
311,"[0, 0, 0, 1]",0.0
312,"[5, 3, 3, 1]",1.0
313,"[2, 1, 1, 4]",0.0
314,"[15, 2, 1, 7]",0.0
315,"[3, 1, 0, 2]",0.0
316,"[2, 3, 4, 1]",1.0
317,"[6, 1, 5, 1]",1.0
318,"[9, 4, 3, 16]",0.0
319,"[1, 0, 0, 1]",0.0
320,"[3, 2, 1, 2]",0.0
321,"[2, 1, 0, 1]",0.0
322,"[1, 2, 0, 1]",0.0
323,"[3, 2, 1, 1]",0.0
324,"[0, 0, 0, 1]",0.0
325,"[2, 0, 2, 1]",0.0
326,"[2, 0, 2, 1]",0.0
327,"[2, 2, 4, 10]",0.0
328,"[1, 4, 4, 1]",1.0
329,"[5, 2, 4, 1]",1.0
330,"[4, 0, 0, 2]",0.0
331,"[1, 1, 0, 1]",0.0
332,"[3, 3, 4, 1]",1.0
333,"[4, 4, 4, 3]",1.0
334,"[2, 5, 4, 2]",1.0
335,"[3, 2, 4, 1]",1.0
336,"[5, 3, 4, 1]",1.0
337,"[5, 3, 3, 1]",1.0
338,"[1, 1, 0, 1]",0.0
339,"[12, 3, 1, 6]",0.0
340,"[4, 4, 2, 10]",0.0
341,"[6, 3, 5, 1]",1.0
342,"[2, 0, 2, 1]",0.0
343,"[1, 1, 0, 1]",0.0
344,"[2, 3, 1, 2]",1.0
345,"[3, 2, 4, 1]",1.0
346,"[5, 5, 4, 2]",1.0
347,"[0, 0, 0, 0]",0.0
348,"[0, 0, 0, 0]",0.0
349,"[1, 1, 1, 1]",0.0
350,"[2, 1, 0, 1]",0.0
351,"[0, 0, 0, 0]",0.0
352,"[0, 0, 0, 1]",0.0
353,"[4, 3, 4, 1]",1.0
354,"[4, 3, 5, 1]",1.0
355,"[2, 4, 3, 4]",0.0
356,"[1, 0, 3, 2]",0.0
357,"[3, 3, 4, 1]",1.0
358,"[7, 2, 2, 3]",0.0
359,"[6, 4, 2, 1]",1.0
360,"[3, 1, 0, 3]",0.0
361,"[3, 1, 2, 2]",0.0
362,"[2, 2, 1, 1]",0.0
363,"[0, 1, 0, 1]",0.0
364,"[1, 0, 0, 2]",0.0
365,"[4, 3, 1, 1]",1.0
366,"[4, 0, 4, 5]",0.0
367,"[0, 2, 0, 1]",0.0
368,"[3, 3, 6, 1]",1.0
369,"[0, 0, 0, 1]",0.0
370,"[3, 4, 1, 1]",1.0
371,"[3, 1, 1, 6]",0.0
372,"[2, 0, 0, 2]",0.0
373,"[5, 0, 1, 1]",0.0
374,"[2, 3, 3, 1]",1.0
375,"[6, 3, 3, 2]",0.0
376,"[5, 2, 2, 2]",1.0
377,"[0, 0, 0, 4]",0.0
378,"[1, 4, 1, 1]",1.0
379,"[0, 2, 4, 1]",0.0
380,"[2, 3, 2, 1]",1.0
381,"[0, 0, 0, 0]",0.0
382,"[4, 2, 3, 1]",1.0
383,"[0, 0, 0, 0]",0.0
384,"[5, 4, 2, 1]",1.0
385,"[3, 4, 4, 1]",1.0
386,"[0, 0, 1, 2]",0.0
387,"[4, 3, 4, 1]",1.0
388,"[4, 1, 4, 1]",0.0
389,"[0, 0, 0, 0]",0.0
390,"[3, 2, 4, 1]",1.0
391,"[0, 0, 0, 2]",0.0
392,"[0, 0, 0, 1]",0.0
393,"[4, 0, 3, 6]",0.0
394,"[2, 2, 0, 1]",0.0
395,"[1, 3, 4, 1]",1.0
396,"[1, 0, 5, 2]",0.0
397,"[0, 0, 0, 0]",0.0
398,"[4, 2, 4, 1]",1.0
399,"[2, 2, 0, 1]",0.0
400,"[2, 0, 0, 1]",0.0
401,"[3, 3, 5, 1]",1.0
402,"[5, 2, 5, 2]",0.0
403,"[2, 1, 0, 2]",0.0
404,"[1, 1, 0, 1]",0.0
405,"[2, 1, 0, 3]",0.0
406,"[0, 0, 0, 0]",0.0
407,"[7, 2, 2, 1]",1.0
408,"[0, 3, 3, 4]",0.0
409,"[0, 0, 0, 0]",0.0
410,"[5, 2, 2, 1]",1.0
411,"[1, 4, 2, 1]",1.0
412,"[3, 2, 3, 1]",1.0
413,"[3, 0, 3, 1]",0.0
414,"[1, 0, 1, 3]",0.0
415,"[3, 2, 2, 5]",0.0
416,"[13, 1, 4, 8]",0.0
417,"[1, 1, 1, 1]",0.0
418,"[0, 0, 0, 0]",0.0
419,"[5, 0, 4, 2]",0.0
420,"[4, 3, 2, 1]",1.0
421,"[0, 0, 0, 0]",0.0
422,"[3, 2, 3, 1]",1.0
423,"[1, 1, 0, 1]",0.0
424,"[3, 3, 3, 1]",1.0
425,"[4, 0, 5, 2]",0.0
426,"[2, 2, 0, 1]",0.0
427,"[4, 3, 6, 2]",1.0
428,"[3, 3, 3, 1]",1.0
429,"[7, 3, 0, 4]",0.0
430,"[0, 0, 0, 0]",0.0
431,"[1, 0, 1, 4]",0.0
432,"[2, 0, 4, 1]",1.0
433,"[5, 3, 1, 1]",1.0
434,"[0, 0, 0, 0]",0.0
435,"[2, 3, 2, 1]",1.0
436,"[2, 3, 2, 1]",1.0
437,"[7, 1, 0, 2]",0.0
438,"[3, 4, 2, 2]",1.0
439,"[4, 0, 0, 2]",0.0
440,"[6, 4, 5, 1]",1.0
441,"[0, 0, 0, 0]",0.0
442,"[4, 3, 3, 1]",1.0
443,"[1, 2, 2, 1]",0.0
444,"[7, 3, 4, 1]",1.0
445,"[8, 3, 3, 1]",1.0
446,"[0, 0, 0, 0]",0.0
447,"[4, 2, 1, 5]",0.0
448,"[10, 2, 3, 1]",1.0
449,"[0, 0, 0, 3]",0.0
450,"[5, 1, 3, 1]",1.0
451,"[4, 2, 4, 1]",1.0
452,"[5, 0, 1, 2]",0.0
453,"[3, 1, 2, 6]",0.0
454,"[1, 0, 0, 1]",0.0
455,"[3, 2, 3, 1]",1.0
456,"[4, 3, 3, 1]",1.0
457,"[1, 1, 0, 1]",0.0
458,"[5, 3, 4, 1]",1.0
459,"[6, 3, 4, 1]",1.0
460,"[6, 2, 2, 1]",1.0
461,"[0, 0, 0, 3]",0.0
462,"[2, 2, 2, 1]",1.0
463,"[4, 1, 1, 2]",1.0
464,"[4, 3, 2, 2]",1.0
465,"[1, 1, 0, 1]",0.0
466,"[4, 3, 3, 2]",1.0
467,"[5, 2, 3, 1]",1.0
468,"[2, 3, 3, 8]",0.0
469,"[2, 3, 4, 1]",1.0
470,"[3, 1, 1, 1]",0.0
471,"[0, 0, 0, 0]",0.0
472,"[4, 2, 2, 1]",1.0
473,"[3, 2, 3, 1]",1.0
474,"[4, 1, 3, 2]",1.0
475,"[3, 0, 0, 2]",0.0
476,"[2, 3, 1, 1]",1.0
477,"[3, 0, 0, 1]",0.0
478,"[1, 3, 2, 1]",1.0
479,"[0, 2, 2, 1]",0.0
480,"[4, 1, 1, 1]",0.0
481,"[2, 3, 2, 1]",1.0
482,"[2, 1, 2, 2]",0.0
483,"[0, 0, 0, 0]",0.0
484,"[5, 4, 2, 1]",1.0
485,"[2, 3, 2, 1]",1.0
486,"[7, 4, 1, 1]",1.0
487,"[3, 1, 5, 9]",0.0
488,"[4, 4, 1, 1]",1.0
489,"[1, 3, 4, 2]",1.0
490,"[2, 3, 1, 4]",0.0
491,"[2, 4, 4, 1]",1.0
492,"[1, 0, 0, 1]",0.0
493,"[3, 4, 1, 1]",1.0
494,"[4, 4, 6, 2]",1.0
495,"[2, 1, 3, 3]",0.0
496,"[3, 3, 2, 1]",1.0
497,"[1, 0, 3, 2]",0.0
498,"[1, 1, 4, 2]",0.0
499,"[4, 3, 4, 3]",1.0
500,"[4, 0, 8, 19]",0.0
501,"[0, 2, 0, 1]",0.0
502,"[2, 3, 4, 1]",1.0
503,"[2, 1, 3, 5]",0.0
504,"[1, 4, 4, 1]",1.0
505,"[0, 3, 1, 1]",1.0
506,"[3, 1, 0, 2]",0.0
507,"[1, 2, 3, 1]",1.0
508,"[2, 3, 2, 1]",1.0
509,"[3, 2, 3, 1]",1.0
510,"[2, 4, 3, 1]",1.0
511,"[3, 1, 2, 1]",1.0
512,"[2, 3, 2, 1]",1.0
513,"[4, 4, 2, 1]",0.0
514,"[2, 4, 2, 1]",1.0
515,"[4, 0, 5, 2]",0.0
516,"[1, 0, 1, 4]",0.0
517,"[0, 0, 0, 0]",0.0
518,"[1, 4, 2, 1]",1.0
519,"[5, 1, 0, 2]",0.0
520,"[1, 1, 2, 1]",1.0
521,"[1, 0, 0, 1]",0.0
522,"[0, 4, 2, 1]",1.0
523,"[1, 0, 3, 1]",0.0
524,"[1, 0, 0, 3]",0.0
525,"[4, 2, 5, 2]",1.0
526,"[0, 0, 0, 0]",0.0
527,"[2, 4, 4, 1]",1.0
528,"[0, 0, 0, 0]",0.0
529,"[3, 3, 5, 2]",0.0
530,"[2, 1, 2, 1]",0.0
531,"[0, 2, 0, 1]",0.0
532,"[2, 4, 4, 1]",1.0
533,"[4, 4, 2, 2]",1.0
534,"[2, 0, 5, 3]",0.0
535,"[7, 1, 6, 14]",0.0
536,"[4, 1, 1, 2]",0.0
537,"[8, 2, 1, 10]",0.0
538,"[4, 3, 4, 1]",1.0
539,"[1, 0, 1, 2]",0.0
540,"[2, 3, 2, 2]",0.0
541,"[1, 0, 3, 1]",0.0
542,"[2, 0, 1, 1]",0.0
543,"[7, 3, 3, 3]",0.0
544,"[6, 2, 1, 7]",0.0
545,"[4, 2, 3, 2]",0.0
546,"[2, 2, 1, 1]",0.0
547,"[5, 4, 2, 2]",1.0
548,"[1, 0, 0, 1]",0.0
549,"[0, 0, 0, 0]",0.0
550,"[2, 0, 1, 3]",0.0
551,"[0, 0, 0, 1]",0.0
552,"[3, 0, 0, 6]",0.0
553,"[5, 3, 4, 1]",1.0
554,"[2, 0, 0, 4]",0.0
555,"[5, 0, 4, 2]",0.0
556,"[3, 2, 0, 2]",0.0
557,"[6, 4, 4, 2]",1.0
558,"[0, 0, 0, 0]",0.0
559,"[6, 3, 4, 1]",1.0
560,"[6, 1, 3, 2]",0.0
561,"[5, 1, 5, 2]",0.0
562,"[8, 1, 1, 3]",0.0
563,"[1, 3, 4, 1]",1.0
564,"[2, 4, 2, 1]",1.0
565,"[5, 1, 3, 2]",0.0
566,"[3, 3, 3, 1]",1.0
567,"[3, 3, 3, 1]",1.0
568,"[2, 3, 3, 2]",1.0
569,"[5, 1, 3, 2]",0.0
570,"[0, 0, 0, 0]",0.0
571,"[3, 3, 4, 1]",1.0
572,"[4, 3, 2, 1]",1.0
573,"[4, 1, 0, 2]",0.0
574,"[0, 0, 0, 0]",0.0
575,"[2, 0, 1, 2]",0.0
576,"[3, 2, 2, 1]",1.0
577,"[1, 1, 3, 1]",0.0
578,"[2, 0, 2, 1]",0.0
579,"[4, 2, 3, 3]",0.0
580,"[2, 1, 0, 2]",0.0
581,"[3, 3, 2, 1]",1.0
582,"[6, 4, 2, 3]",0.0
583,"[0, 0, 0, 0]",0.0
584,"[0, 0, 1, 2]",0.0
585,"[3, 1, 0, 1]",0.0
586,"[6, 2, 4, 2]",1.0
587,"[5, 3, 2, 2]",1.0
588,"[3, 3, 2, 3]",1.0
589,"[3, 1, 2, 1]",0.0
590,"[0, 0, 0, 0]",0.0
591,"[3, 0, 0, 3]",0.0
592,"[1, 2, 3, 1]",1.0
593,"[1, 2, 3, 2]",0.0
594,"[1, 3, 1, 1]",0.0
595,"[2, 3, 2, 1]",1.0
596,"[2, 4, 2, 1]",1.0
597,"[0, 0, 0, 0]",0.0
598,"[4, 4, 3, 1]",1.0
599,"[0, 4, 2, 1]",1.0
600,"[3, 0, 3, 2]",0.0
601,"[1, 3, 3, 1]",1.0
602,"[1, 0, 0, 2]",0.0
603,"[2, 2, 2, 1]",1.0
604,"[3, 4, 4, 1]",1.0
605,"[1, 0, 0, 1]",0.0
606,"[3, 3, 3, 2]",1.0
607,"[3, 4, 3, 1]",1.0
608,"[1, 4, 3, 1]",1.0
609,"[2, 0, 1, 3]",0.0
610,"[5, 2, 1, 1]",1.0
611,"[3, 0, 2, 6]",0.0
612,"[1, 0, 0, 1]",0.0
613,"[3, 3, 3, 1]",1.0
614,"[4, 2, 3, 2]",0.0
615,"[2, 1, 3, 1]",1.0
616,"[2, 3, 3, 1]",1.0
617,"[3, 1, 1, 2]",0.0
618,"[1, 1, 0, 1]",0.0
619,"[4, 2, 3, 1]",1.0
620,"[2, 0, 4, 2]",0.0
621,"[3, 3, 4, 1]",1.0
622,"[0, 1, 0, 1]",0.0
623,"[3, 3, 3, 1]",1.0
624,"[0, 0, 0, 0]",0.0
625,"[3, 2, 3, 1]",1.0
626,"[4, 4, 5, 1]",1.0
627,"[3, 3, 3, 2]",1.0
628,"[4, 4, 2, 1]",1.0
629,"[0, 0, 0, 1]",0.0
630,"[4, 3, 1, 2]",1.0
631,"[1, 0, 3, 1]",0.0
632,"[3, 2, 3, 1]",1.0
633,"[3, 0, 1, 3]",0.0
634,"[4, 3, 2, 1]",1.0
635,"[3, 3, 2, 1]",1.0
636,"[3, 3, 2, 1]",1.0
637,"[4, 0, 2, 2]",0.0
638,"[1, 3, 4, 1]",1.0
639,"[0, 1, 0, 1]",0.0
640,"[5, 3, 5, 1]",1.0
641,"[7, 3, 3, 1]",1.0
642,"[5, 2, 1, 2]",1.0
643,"[2, 2, 1, 1]",0.0
644,"[2, 0, 0, 1]",0.0
645,"[9, 0, 2, 10]",0.0
646,"[2, 1, 0, 2]",0.0
647,"[1, 2, 4, 1]",1.0
648,"[0, 0, 2, 4]",0.0
649,"[6, 4, 1, 10]",0.0
650,"[2, 3, 3, 1]",1.0
651,"[1, 3, 3, 1]",1.0
652,"[1, 0, 0, 2]",0.0
653,"[1, 3, 1, 1]",1.0
654,"[3, 3, 3, 1]",1.0
655,"[2, 2, 3, 1]",1.0
656,"[6, 2, 3, 4]",0.0
657,"[6, 3, 4, 1]",1.0
658,"[1, 0, 3, 2]",0.0
659,"[1, 2, 1, 2]",0.0
660,"[3, 2, 4, 1]",1.0
661,"[0, 0, 0, 0]",0.0
662,"[2, 3, 4, 1]",1.0
663,"[1, 0, 0, 5]",0.0
664,"[4, 4, 4, 2]",1.0
665,"[5, 1, 2, 5]",0.0
666,"[5, 4, 5, 1]",1.0
667,"[2, 1, 2, 1]",1.0
668,"[5, 0, 1, 2]",0.0
669,"[2, 0, 2, 1]",0.0
670,"[2, 1, 3, 1]",1.0
671,"[3, 0, 0, 1]",0.0
672,"[4, 1, 2, 1]",1.0
673,"[4, 1, 5, 1]",1.0
674,"[2, 0, 3, 2]",0.0
675,"[4, 2, 3, 1]",1.0
676,"[5, 1, 4, 1]",1.0
677,"[0, 1, 1, 1]",0.0
678,"[7, 0, 1, 3]",0.0
679,"[0, 0, 1, 1]",0.0
680,"[3, 1, 3, 1]",1.0
681,"[4, 1, 2, 1]",1.0
682,"[4, 0, 4, 1]",0.0
683,"[0, 0, 2, 2]",0.0
684,"[3, 2, 3, 1]",1.0
685,"[2, 0, 0, 1]",0.0
686,"[0, 0, 0, 0]",0.0
687,"[3, 2, 2, 1]",1.0
688,"[4, 1, 2, 1]",1.0
689,"[5, 2, 2, 1]",1.0
690,"[3, 0, 3, 1]",0.0
691,"[1, 0, 2, 1]",0.0
692,"[4, 2, 3, 1]",1.0
693,"[2, 2, 2, 1]",1.0
694,"[4, 1, 2, 1]",1.0
695,"[2, 0, 0, 3]",0.0
696,"[2, 1, 2, 1]",1.0
697,"[2, 1, 2, 1]",0.0
698,"[0, 2, 0, 1]",0.0
699,"[4, 1, 2, 1]",1.0
700,"[8, 2, 3, 1]",1.0
701,"[1, 0, 0, 2]",0.0
702,"[1, 0, 1, 5]",0.0
703,"[5, 0, 2, 1]",1.0
704,"[0, 1, 0, 1]",0.0
705,"[2, 2, 3, 1]",1.0
706,"[2, 2, 3, 1]",1.0
707,"[2, 1, 4, 1]",1.0
708,"[4, 1, 1, 1]",0.0
709,"[6, 2, 2, 1]",1.0
710,"[2, 0, 2, 1]",0.0
711,"[1, 1, 1, 2]",0.0
712,"[5, 1, 2, 1]",1.0
713,"[2, 0, 0, 4]",0.0
714,"[7, 0, 3, 1]",1.0
715,"[0, 0, 0, 0]",0.0
716,"[0, 1, 0, 1]",0.0
717,"[6, 1, 3, 1]",1.0
718,"[4, 0, 1, 1]",0.0
719,"[6, 2, 2, 1]",1.0
720,"[7, 0, 1, 3]",0.0
721,"[5, 1, 3, 1]",1.0
722,"[2, 0, 0, 1]",0.0
723,"[3, 1, 3, 1]",1.0
724,"[4, 1, 3, 1]",1.0
725,"[5, 0, 0, 2]",0.0
726,"[1, 0, 1, 1]",0.0
727,"[5, 1, 2, 1]",1.0
728,"[3, 1, 4, 2]",0.0
729,"[2, 1, 2, 1]",1.0
730,"[1, 1, 0, 1]",0.0
731,"[4, 4, 2, 1]",1.0
732,"[1, 0, 0, 6]",0.0
733,"[2, 3, 4, 2]",0.0
734,"[0, 3, 0, 1]",0.0
735,"[0, 0, 0, 0]",0.0
736,"[0, 0, 0, 0]",0.0
737,"[4, 2, 4, 1]",1.0
738,"[2, 2, 2, 5]",0.0
739,"[6, 3, 3, 1]",1.0
740,"[0, 0, 0, 0]",0.0
741,"[1, 3, 3, 1]",1.0
742,"[6, 0, 4, 2]",0.0
743,"[0, 0, 0, 0]",0.0
744,"[2, 1, 0, 1]",0.0
745,"[3, 2, 0, 1]",0.0
746,"[1, 1, 0, 1]",0.0
747,"[0, 0, 0, 0]",0.0
748,"[0, 0, 0, 0]",0.0
749,"[0, 0, 0, 0]",0.0
750,"[2, 1, 0, 3]",0.0
751,"[2, 1, 0, 1]",0.0
752,"[2, 0, 2, 1]",0.0
753,"[2, 0, 2, 1]",0.0
754,"[2, 0, 2, 1]",0.0
755,"[3, 4, 4, 3]",0.0
756,"[4, 0, 3, 1]",0.0
757,"[1, 1, 3, 1]",0.0
758,"[2, 2, 2, 1]",1.0
759,"[6, 1, 1, 2]",0.0
760,"[4, 0, 1, 3]",0.0
761,"[2, 0, 1, 3]",0.0
762,"[6, 1, 5, 2]",0.0
763,"[0, 0, 0, 0]",0.0
764,"[2, 0, 2, 1]",1.0
765,"[1, 1, 0, 1]",0.0
766,"[0, 0, 0, 0]",0.0
767,"[4, 3, 5, 2]",1.0
768,"[5, 1, 3, 3]",0.0
769,"[2, 3, 2, 1]",1.0
770,"[3, 1, 1, 7]",0.0
771,"[2, 0, 3, 1]",1.0
772,"[2, 3, 2, 1]",1.0
773,"[1, 2, 2, 1]",1.0
774,"[4, 1, 0, 6]",0.0
775,"[2, 1, 1, 1]",0.0
776,"[3, 1, 2, 1]",1.0
777,"[3, 1, 0, 3]",0.0
778,"[4, 1, 1, 1]",0.0
779,"[4, 3, 2, 1]",1.0
780,"[5, 1, 2, 14]",0.0
781,"[0, 2, 2, 3]",0.0
782,"[2, 2, 2, 1]",1.0
783,"[1, 3, 2, 1]",1.0
784,"[0, 0, 0, 0]",0.0
785,"[3, 3, 3, 1]",1.0
786,"[3, 2, 2, 1]",1.0
787,"[1, 3, 1, 1]",1.0
788,"[0, 0, 4, 5]",0.0
789,"[0, 0, 0, 0]",0.0
790,"[4, 3, 3, 1]",1.0
791,"[2, 3, 3, 1]",1.0
792,"[4, 2, 3, 2]",0.0
793,"[4, 1, 0, 1]",0.0
794,"[2, 3, 7, 6]",0.0
795,"[4, 3, 0, 1]",1.0
796,"[0, 0, 0, 0]",0.0
797,"[3, 2, 3, 2]",1.0
798,"[3, 3, 1, 2]",1.0
799,"[2, 1, 1, 1]",0.0
800,"[1, 3, 1, 1]",1.0
801,"[1, 2, 1, 1]",0.0
802,"[5, 0, 0, 4]",0.0
803,"[3, 3, 2, 1]",1.0
804,"[2, 1, 3, 1]",1.0
805,"[0, 0, 0, 0]",0.0
806,"[2, 3, 2, 1]",1.0
807,"[0, 0, 0, 1]",0.0
808,"[3, 1, 1, 2]",0.0
809,"[0, 0, 0, 0]",0.0
810,"[8, 0, 4, 2]",0.0
811,"[4, 2, 3, 3]",0.0
812,"[5, 2, 4, 1]",1.0
813,"[5, 4, 3, 1]",1.0
814,"[1, 1, 0, 1]",0.0
815,"[6, 2, 1, 2]",0.0
816,"[4, 2, 2, 1]",1.0
817,"[1, 2, 1, 2]",0.0
818,"[1, 0, 0, 2]",0.0
819,"[0, 0, 0, 0]",0.0
820,"[4, 4, 3, 1]",0.0
821,"[5, 2, 4, 1]",1.0
822,"[2, 3, 1, 1]",1.0
823,"[4, 1, 0, 1]",0.0
824,"[4, 3, 3, 1]",1.0
825,"[5, 2, 1, 2]",0.0
826,"[0, 1, 0, 1]",0.0
827,"[3, 2, 3, 1]",1.0
828,"[7, 0, 5, 2]",0.0
829,"[5, 3, 3, 1]",1.0
830,"[6, 2, 5, 1]",1.0
831,"[6, 0, 7, 3]",0.0
832,"[4, 2, 2, 1]",1.0
833,"[3, 3, 3, 1]",1.0
834,"[1, 0, 0, 1]",0.0
835,"[2, 2, 1, 1]",1.0
836,"[5, 3, 3, 1]",1.0
837,"[7, 3, 5, 1]",1.0
838,"[3, 1, 2, 2]",0.0
839,"[0, 0, 0, 0]",0.0
840,"[2, 3, 3, 1]",1.0
841,"[0, 2, 0, 1]",0.0
842,"[2, 4, 3, 1]",1.0
843,"[3, 2, 3, 1]",1.0
844,"[6, 3, 3, 11]",0.0
845,"[2, 4, 4, 1]",1.0
846,"[1, 0, 0, 1]",0.0
847,"[4, 2, 5, 1]",1.0
848,"[0, 0, 2, 1]",0.0
849,"[1, 1, 3, 1]",1.0
850,"[5, 3, 2, 2]",1.0
851,"[2, 0, 2, 4]",0.0
852,"[0, 0, 0, 3]",0.0
853,"[3, 2, 3, 1]",1.0
854,"[0, 1, 0, 1]",0.0
855,"[9, 1, 2, 2]",0.0
856,"[0, 3, 3, 1]",1.0
857,"[1, 0, 0, 1]",0.0
858,"[2, 0, 2, 7]",0.0
859,"[4, 3, 3, 1]",0.0
860,"[2, 4, 3, 1]",1.0
861,"[1, 3, 2, 1]",1.0
862,"[0, 0, 0, 0]",0.0
863,"[5, 3, 3, 1]",1.0
864,"[1, 1, 3, 2]",0.0
865,"[6, 3, 1, 1]",1.0
866,"[0, 0, 0, 0]",0.0
867,"[1, 4, 4, 1]",1.0
868,"[3, 1, 3, 2]",0.0
869,"[2, 3, 3, 1]",1.0
870,"[2, 0, 1, 1]",0.0
871,"[1, 3, 4, 1]",1.0
872,"[1, 3, 3, 2]",1.0
873,"[0, 0, 0, 0]",0.0
874,"[2, 2, 4, 1]",1.0
875,"[5, 2, 4, 1]",1.0
876,"[6, 3, 3, 1]",1.0
877,"[6, 1, 1, 3]",0.0
878,"[2, 4, 4, 1]",1.0
879,"[3, 4, 3, 2]",1.0
880,"[7, 1, 0, 2]",0.0
881,"[2, 1, 1, 2]",0.0
882,"[3, 0, 1, 2]",0.0
883,"[2, 4, 4, 1]",1.0
884,"[3, 0, 4, 2]",0.0
885,"[9, 3, 3, 1]",1.0
886,"[1, 1, 0, 1]",0.0
887,"[7, 3, 3, 1]",1.0
888,"[4, 1, 1, 2]",0.0
889,"[4, 3, 6, 1]",1.0
890,"[3, 3, 4, 2]",1.0
891,"[1, 3, 2, 1]",1.0
892,"[5, 3, 2, 1]",1.0
893,"[12, 1, 5, 2]",0.0
894,"[5, 4, 3, 1]",1.0
895,"[2, 0, 1, 3]",0.0
896,"[5, 3, 5, 0]",1.0
897,"[5, 1, 0, 1]",0.0
898,"[0, 1, 0, 1]",0.0
899,"[4, 4, 2, 1]",1.0
900,"[1, 0, 1, 3]",0.0
901,"[5, 4, 5, 1]",1.0
902,"[3, 0, 0, 3]",0.0
903,"[0, 0, 0, 0]",0.0
904,"[3, 2, 2, 1]",1.0
905,"[3, 0, 0, 1]",0.0
906,"[0, 0, 0, 0]",0.0
907,"[4, 3, 3, 1]",1.0
908,"[7, 2, 4, 1]",1.0
909,"[4, 0, 1, 5]",0.0
910,"[0, 0, 0, 1]",0.0
911,"[9, 3, 3, 1]",1.0
912,"[11, 3, 5, 2]",0.0
913,"[0, 0, 0, 0]",0.0
914,"[4, 1, 3, 1]",1.0
915,"[3, 1, 0, 4]",0.0
916,"[3, 3, 3, 1]",1.0
917,"[3, 1, 2, 2]",0.0
918,"[6, 3, 1, 1]",1.0
919,"[6, 4, 4, 1]",1.0
920,"[2, 0, 0, 4]",0.0
921,"[2, 0, 0, 1]",0.0
922,"[2, 0, 0, 1]",0.0
923,"[1, 0, 0, 1]",0.0
924,"[3, 4, 4, 1]",1.0
925,"[2, 3, 3, 1]",1.0
926,"[1, 0, 0, 2]",0.0
927,"[8, 2, 6, 13]",0.0
928,"[7, 3, 1, 2]",1.0
929,"[8, 3, 3, 2]",0.0
930,"[3, 0, 0, 2]",0.0
931,"[2, 2, 4, 1]",1.0
932,"[4, 3, 1, 2]",1.0
933,"[2, 0, 0, 2]",0.0
934,"[3, 4, 3, 1]",1.0
935,"[3, 1, 5, 2]",0.0
936,"[6, 2, 3, 1]",1.0
937,"[7, 1, 2, 1]",0.0
938,"[5, 2, 2, 1]",1.0
939,"[2, 0, 0, 1]",0.0
940,"[7, 3, 1, 1]",1.0
941,"[2, 1, 0, 1]",0.0
942,"[3, 0, 0, 1]",0.0
943,"[2, 4, 2, 1]",1.0
944,"[2, 3, 4, 1]",1.0
945,"[1, 0, 2, 3]",0.0
946,"[3, 3, 2, 3]",1.0
947,"[1, 3, 3, 1]",1.0
948,"[5, 1, 1, 5]",0.0
949,"[1, 3, 3, 1]",1.0
950,"[2, 0, 3, 1]",0.0
951,"[5, 1, 2, 3]",0.0
952,"[4, 2, 2, 1]",0.0
953,"[2, 3, 4, 1]",1.0
954,"[3, 3, 3, 1]",1.0
955,"[8, 4, 2, 1]",1.0
956,"[5, 2, 3, 1]",1.0
957,"[2, 0, 2, 2]",0.0
958,"[2, 0, 2, 3]",0.0
959,"[3, 3, 3, 1]",1.0
960,"[1, 2, 0, 1]",0.0
961,"[4, 1, 0, 4]",0.0
962,"[0, 0, 0, 0]",0.0
963,"[0, 1, 0, 1]",0.0
964,"[7, 3, 2, 1]",1.0
965,"[3, 2, 2, 2]",1.0
966,"[3, 3, 1, 1]",1.0
967,"[2, 0, 1, 3]",0.0
968,"[5, 3, 2, 2]",1.0
969,"[2, 0, 0, 2]",0.0
970,"[0, 0, 0, 1]",0.0
971,"[2, 3, 6, 1]",1.0
972,"[0, 0, 0, 0]",0.0
973,"[5, 2, 3, 1]",1.0
974,"[2, 1, 2, 1]",1.0
975,"[2, 3, 2, 1]",1.0
976,"[1, 4, 1, 2]",0.0
977,"[5, 2, 4, 1]",1.0
978,"[2, 1, 1, 1]",0.0
979,"[0, 0, 3, 1]",0.0
980,"[6, 2, 4, 1]",1.0
981,"[2, 1, 0, 6]",0.0
982,"[5, 1, 1, 1]",0.0
983,"[1, 0, 0, 3]",0.0
984,"[4, 0, 2, 2]",0.0
985,"[4, 1, 0, 7]",0.0
986,"[1, 3, 3, 1]",1.0
987,"[6, 3, 3, 1]",1.0
988,"[0, 0, 0, 0]",0.0
989,"[4, 3, 2, 1]",1.0
990,"[3, 2, 4, 1]",1.0
991,"[2, 4, 4, 1]",1.0
992,"[4, 3, 3, 1]",1.0
993,"[2, 1, 2, 3]",0.0
994,"[1, 3, 3, 1]",1.0
995,"[0, 0, 1, 3]",0.0
996,"[3, 2, 3, 1]",0.0
997,"[7, 0, 0, 9]",0.0
998,"[4, 2, 2, 1]",1.0
999,"[6, 3, 3, 2]",0.0
1000,"[3, 2, 2, 1]",1.0
1001,"[1, 2, 3, 1]",0.0
1002,"[0, 0, 0, 0]",0.0
1003,"[0, 0, 0, 0]",0.0
1004,"[5, 1, 6, 9]",0.0
1005,"[5, 3, 3, 1]",1.0
1006,"[2, 0, 1, 2]",0.0
1007,"[2, 3, 2, 1]",1.0
1008,"[9, 3, 3, 1]",1.0
1009,"[5, 0, 3, 10]",0.0
1010,"[4, 1, 3, 2]",0.0
1011,"[2, 3, 4, 1]",1.0
1012,"[5, 2, 6, 3]",1.0
1013,"[2, 3, 3, 1]",1.0
1014,"[0, 0, 3, 2]",0.0
1015,"[4, 0, 2, 2]",0.0
1016,"[8, 0, 1, 11]",0.0
1017,"[3, 3, 3, 1]",1.0
1018,"[2, 0, 1, 1]",0.0
1019,"[2, 3, 1, 1]",1.0
1020,"[3, 3, 4, 1]",1.0
1021,"[2, 1, 2, 1]",0.0
1022,"[6, 4, 3, 1]",1.0
1023,"[3, 0, 2, 2]",0.0
1024,"[1, 0, 0, 1]",0.0
1025,"[2, 3, 4, 0]",1.0
1026,"[5, 3, 2, 1]",0.0
1027,"[2, 2, 1, 1]",1.0
1028,"[1, 0, 0, 1]",0.0
1029,"[8, 2, 4, 1]",1.0
1030,"[4, 0, 5, 14]",0.0
1031,"[8, 3, 3, 1]",1.0
1032,"[6, 3, 3, 3]",1.0
1033,"[3, 3, 3, 1]",1.0
1034,"[1, 1, 0, 2]",0.0
1035,"[10, 0, 0, 10]",0.0
1036,"[0, 0, 0, 0]",0.0
1037,"[2, 0, 0, 1]",0.0
1038,"[4, 2, 3, 1]",1.0
1039,"[4, 3, 1, 1]",1.0
1040,"[2, 3, 2, 2]",0.0
1041,"[0, 0, 0, 0]",0.0
1042,"[7, 1, 4, 2]",1.0
1043,"[2, 0, 5, 4]",0.0
1044,"[6, 2, 3, 1]",1.0
1045,"[3, 2, 6, 2]",1.0
1046,"[6, 3, 4, 3]",1.0
1047,"[5, 1, 0, 2]",0.0
1048,"[6, 3, 3, 1]",1.0
1049,"[0, 0, 0, 0]",0.0
1050,"[4, 4, 3, 1]",1.0
1051,"[0, 0, 0, 0]",0.0
1052,"[5, 2, 5, 1]",1.0
1053,"[2, 0, 0, 1]",0.0
1054,"[2, 4, 1, 1]",1.0
1055,"[1, 0, 2, 2]",0.0
1056,"[4, 3, 2, 1]",1.0
1057,"[0, 1, 0, 1]",0.0
1058,"[2, 2, 2, 1]",1.0
1059,"[0, 1, 2, 2]",0.0
1060,"[4, 3, 4, 2]",1.0
1061,"[6, 3, 2, 1]",1.0
1062,"[4, 2, 3, 1]",1.0
1063,"[0, 1, 0, 1]",0.0
1064,"[0, 0, 0, 0]",0.0
1065,"[1, 1, 2, 1]",0.0
1066,"[0, 1, 0, 1]",0.0
1067,"[0, 0, 0, 0]",0.0
1068,"[0, 1, 0, 1]",0.0
1069,"[5, 4, 4, 1]",1.0
1070,"[0, 0, 1, 2]",0.0
1071,"[2, 2, 0, 1]",0.0
1072,"[4, 2, 3, 1]",1.0
1073,"[1, 0, 0, 4]",0.0
1074,"[6, 1, 4, 1]",1.0
1075,"[6, 3, 3, 1]",1.0
1076,"[0, 0, 0, 0]",0.0
1077,"[0, 0, 0, 0]",0.0
1078,"[1, 0, 2, 2]",0.0
1079,"[3, 3, 4, 1]",1.0
1080,"[1, 2, 2, 1]",0.0
1081,"[5, 1, 0, 6]",0.0
1082,"[0, 0, 0, 0]",0.0
1083,"[2, 3, 4, 1]",1.0
1084,"[0, 0, 0, 1]",0.0
1085,"[0, 3, 1, 3]",0.0
1086,"[6, 3, 5, 2]",1.0
1087,"[4, 3, 3, 1]",1.0
1088,"[2, 3, 3, 1]",1.0
1089,"[0, 0, 0, 0]",0.0
1090,"[4, 1, 4, 2]",1.0
1091,"[1, 1, 4, 5]",0.0
1092,"[2, 2, 4, 1]",1.0
1093,"[0, 0, 0, 0]",0.0
1094,"[3, 3, 4, 2]",1.0
1095,"[0, 0, 0, 1]",0.0
1096,"[3, 2, 0, 4]",0.0
1097,"[2, 3, 4, 1]",0.0
1098,"[1, 3, 3, 1]",1.0
1099,"[2, 0, 2, 1]",0.0
1100,"[3, 4, 3, 3]",1.0
1101,"[1, 0, 0, 2]",0.0
1102,"[3, 4, 3, 1]",1.0
1103,"[1, 4, 1, 2]",0.0
1104,"[4, 0, 0, 1]",0.0
1105,"[5, 1, 0, 1]",0.0
1106,"[3, 0, 3, 2]",0.0
1107,"[2, 3, 4, 1]",1.0
1108,"[0, 1, 2, 1]",0.0
1109,"[0, 1, 2, 1]",0.0
1110,"[2, 0, 0, 1]",0.0
1111,"[6, 4, 7, 6]",0.0
1112,"[3, 0, 0, 3]",0.0
1113,"[2, 4, 4, 1]",1.0
1114,"[0, 0, 0, 0]",0.0
1115,"[3, 4, 3, 1]",1.0
1116,"[9, 0, 3, 2]",0.0
1117,"[1, 4, 3, 1]",1.0
1118,"[0, 0, 0, 0]",0.0
1119,"[2, 3, 1, 2]",1.0
1120,"[2, 0, 0, 1]",0.0
1121,"[3, 0, 2, 3]",0.0
1122,"[0, 0, 0, 0]",0.0
1123,"[3, 4, 2, 3]",0.0
1124,"[2, 0, 0, 1]",0.0
1125,"[2, 3, 5, 1]",1.0
1126,"[0, 0, 0, 0]",0.0
1127,"[3, 3, 2, 1]",1.0
1128,"[5, 4, 2, 1]",1.0
1129,"[1, 1, 3, 1]",0.0
1130,"[1, 3, 1, 1]",1.0
1131,"[1, 1, 0, 1]",0.0
1132,"[2, 4, 2, 1]",1.0
1133,"[6, 1, 4, 3]",0.0
1134,"[2, 2, 5, 1]",1.0
1135,"[0, 0, 0, 1]",0.0
1136,"[6, 4, 3, 1]",1.0
1137,"[3, 3, 2, 2]",1.0
1138,"[0, 0, 0, 1]",0.0
1139,"[3, 3, 3, 1]",1.0
1140,"[8, 0, 3, 3]",0.0
1141,"[1, 3, 2, 1]",1.0
1142,"[0, 0, 0, 1]",0.0
1143,"[4, 3, 5, 1]",1.0
1144,"[3, 3, 3, 1]",1.0
1145,"[1, 0, 0, 1]",0.0
1146,"[2, 2, 3, 1]",1.0
1147,"[2, 0, 1, 3]",0.0
1148,"[2, 0, 0, 2]",0.0
1149,"[0, 0, 0, 0]",0.0
1150,"[0, 3, 1, 3]",0.0
1151,"[1, 4, 2, 2]",1.0
1152,"[3, 3, 4, 1]",1.0
1153,"[3, 3, 4, 2]",0.0
1154,"[7, 3, 4, 1]",1.0
1155,"[2, 3, 4, 1]",1.0
1156,"[1, 3, 2, 1]",1.0
1157,"[0, 0, 0, 0]",0.0
1158,"[4, 3, 3, 1]",1.0
1159,"[1, 0, 0, 1]",0.0
1160,"[0, 0, 0, 0]",0.0
1161,"[0, 0, 0, 0]",0.0
1162,"[4, 3, 3, 1]",1.0
1163,"[2, 3, 2, 1]",1.0
1164,"[1, 0, 0, 1]",0.0
1165,"[4, 4, 2, 1]",1.0
1166,"[2, 4, 2, 1]",1.0
1167,"[6, 3, 2, 1]",1.0
1168,"[4, 3, 4, 1]",1.0
1169,"[2, 3, 3, 2]",1.0
1170,"[3, 0, 0, 2]",0.0
1171,"[2, 3, 3, 1]",1.0
1172,"[4, 1, 1, 1]",0.0
1173,"[3, 2, 2, 1]",1.0
1174,"[0, 0, 0, 0]",0.0
1175,"[3, 3, 3, 1]",1.0
1176,"[1, 1, 1, 2]",0.0
1177,"[4, 3, 4, 1]",1.0
1178,"[0, 0, 0, 2]",0.0
1179,"[6, 2, 2, 1]",1.0
1180,"[1, 2, 4, 1]",1.0
1181,"[1, 2, 3, 2]",0.0
1182,"[5, 1, 5, 2]",0.0
1183,"[1, 3, 2, 1]",1.0
1184,"[2, 0, 0, 4]",0.0
1185,"[2, 2, 5, 2]",0.0
1186,"[3, 3, 4, 1]",1.0
1187,"[5, 3, 3, 1]",1.0
1188,"[3, 2, 2, 1]",1.0
1189,"[0, 0, 0, 1]",0.0
1190,"[5, 4, 3, 2]",1.0
1191,"[4, 0, 0, 1]",0.0
1192,"[5, 3, 3, 1]",1.0
1193,"[6, 2, 2, 2]",0.0
1194,"[0, 0, 0, 0]",0.0
1195,"[1, 4, 3, 1]",1.0
1196,"[3, 1, 1, 6]",0.0
1197,"[2, 3, 4, 1]",1.0
1198,"[3, 2, 2, 1]",0.0
1199,"[6, 4, 6, 1]",1.0
1200,"[2, 0, 3, 1]",0.0
1201,"[1, 0, 0, 2]",0.0
1202,"[3, 1, 2, 1]",1.0
1203,"[4, 3, 2, 1]",1.0
1204,"[3, 3, 5, 1]",1.0
1205,"[2, 1, 2, 2]",0.0
1206,"[7, 3, 2, 1]",1.0
1207,"[2, 0, 2, 1]",0.0
1208,"[0, 0, 0, 0]",0.0
1209,"[3, 4, 1, 1]",1.0
1210,"[5, 4, 4, 2]",1.0
1211,"[3, 3, 3, 1]",1.0
1212,"[3, 3, 2, 1]",1.0
1213,"[0, 0, 0, 0]",0.0
1214,"[2, 3, 3, 1]",1.0
1215,"[6, 0, 1, 7]",0.0
1216,"[0, 0, 0, 0]",0.0
1217,"[0, 1, 0, 1]",0.0
1218,"[2, 1, 3, 1]",0.0
1219,"[0, 0, 0, 0]",0.0
1220,"[0, 0, 0, 0]",0.0
1221,"[10, 1, 3, 4]",0.0
1222,"[6, 3, 3, 1]",1.0
1223,"[1, 0, 0, 3]",0.0
1224,"[5, 3, 3, 1]",1.0
1225,"[0, 0, 0, 0]",0.0
1226,"[1, 3, 1, 1]",1.0
1227,"[0, 0, 0, 0]",0.0
1228,"[6, 4, 3, 1]",1.0
1229,"[3, 0, 0, 2]",0.0
1230,"[2, 2, 2, 1]",1.0
1231,"[8, 4, 3, 2]",1.0
1232,"[0, 0, 0, 0]",0.0
1233,"[4, 2, 2, 11]",0.0
1234,"[2, 2, 0, 1]",1.0
1235,"[2, 4, 4, 1]",1.0
1236,"[6, 1, 9, 3]",0.0
1237,"[3, 4, 4, 1]",1.0
1238,"[2, 0, 0, 4]",0.0
1239,"[1, 1, 0, 1]",0.0
1240,"[1, 1, 0, 1]",0.0
1241,"[0, 0, 0, 0]",0.0
1242,"[2, 2, 3, 1]",1.0
1243,"[3, 6, 0, 2]",0.0
1244,"[3, 1, 1, 1]",0.0
1245,"[1, 3, 5, 3]",0.0
1246,"[5, 3, 4, 1]",1.0
1247,"[4, 3, 5, 1]",1.0
1248,"[2, 3, 3, 2]",1.0
1249,"[1, 0, 0, 3]",0.0
1250,"[6, 3, 3, 1]",1.0
1251,"[5, 4, 3, 1]",1.0
1252,"[1, 3, 3, 1]",1.0
1253,"[8, 3, 4, 2]",0.0
1254,"[2, 2, 0, 2]",0.0
1255,"[6, 3, 4, 1]",1.0
1256,"[3, 3, 2, 1]",1.0
1257,"[1, 4, 5, 1]",1.0
1258,"[4, 3, 2, 2]",1.0
1259,"[2, 3, 1, 2]",0.0
1260,"[4, 1, 1, 3]",0.0
1261,"[3, 3, 3, 1]",1.0
1262,"[1, 0, 0, 2]",0.0
1263,"[1, 0, 0, 2]",0.0
1264,"[2, 0, 0, 2]",0.0
1265,"[0, 0, 0, 0]",0.0
1266,"[2, 3, 4, 1]",1.0
1267,"[2, 1, 2, 1]",0.0
1268,"[1, 0, 2, 1]",0.0
1269,"[0, 0, 0, 0]",0.0
1270,"[2, 2, 3, 1]",1.0
1271,"[0, 0, 0, 0]",0.0
1272,"[4, 3, 3, 1]",1.0
1273,"[5, 0, 4, 2]",0.0
1274,"[3, 4, 0, 2]",0.0
1275,"[4, 2, 4, 1]",1.0
1276,"[0, 2, 0, 2]",0.0
1277,"[0, 2, 0, 1]",0.0
1278,"[5, 3, 3, 1]",1.0
1279,"[6, 3, 4, 1]",1.0
1280,"[1, 0, 0, 2]",0.0
1281,"[0, 0, 0, 0]",0.0
1282,"[0, 0, 0, 0]",0.0
1283,"[4, 3, 3, 3]",1.0
1284,"[11, 1, 0, 7]",0.0
1285,"[2, 3, 2, 1]",1.0
1286,"[4, 0, 0, 3]",0.0
1287,"[4, 0, 2, 9]",0.0
1288,"[4, 4, 3, 1]",1.0
1289,"[2, 2, 1, 1]",1.0
1290,"[1, 0, 1, 4]",0.0
1291,"[1, 2, 0, 1]",0.0
1292,"[6, 3, 4, 1]",1.0
1293,"[2, 4, 2, 1]",1.0
1294,"[2, 3, 4, 1]",1.0
1295,"[6, 2, 5, 2]",0.0
1296,"[11, 1, 5, 10]",0.0
1297,"[1, 2, 0, 1]",0.0
1298,"[1, 2, 1, 1]",0.0
1299,"[2, 1, 5, 1]",1.0
1300,"[6, 0, 2, 2]",0.0
1301,"[3, 0, 2, 10]",0.0
1302,"[4, 1, 6, 1]",1.0
1303,"[0, 0, 1, 3]",0.0
1304,"[4, 2, 4, 1]",1.0
1305,"[3, 1, 2, 2]",0.0
1306,"[5, 3, 3, 1]",1.0
1307,"[1, 0, 0, 1]",0.0
1308,"[3, 4, 4, 1]",1.0
1309,"[2, 0, 2, 1]",0.0
1310,"[0, 0, 0, 0]",0.0
1311,"[2, 2, 2, 1]",1.0
1312,"[5, 2, 6, 3]",0.0
1313,"[2, 1, 4, 2]",0.0
1314,"[3, 4, 5, 1]",1.0
1315,"[5, 2, 1, 1]",0.0
1316,"[0, 0, 0, 0]",0.0
1317,"[4, 3, 5, 1]",1.0
1318,"[3, 3, 6, 1]",1.0
1319,"[0, 1, 1, 1]",0.0
1320,"[4, 3, 3, 1]",1.0
1321,"[1, 2, 0, 1]",0.0
1322,"[0, 1, 1, 1]",0.0
1323,"[6, 4, 3, 1]",1.0
1324,"[2, 2, 4, 2]",0.0
1325,"[2, 0, 0, 2]",0.0
1326,"[8, 1, 5, 2]",0.0
1327,"[3, 0, 1, 9]",0.0
1328,"[3, 2, 2, 2]",1.0
1329,"[5, 0, 4, 1]",0.0
1330,"[2, 1, 0, 1]",0.0
1331,"[7, 2, 5, 1]",1.0
1332,"[4, 2, 2, 1]",1.0
1333,"[0, 0, 0, 0]",0.0
1334,"[3, 2, 0, 1]",0.0
1335,"[3, 3, 3, 1]",1.0
1336,"[2, 0, 0, 4]",0.0
1337,"[4, 2, 6, 1]",1.0
1338,"[0, 0, 0, 1]",0.0
1339,"[3, 3, 3, 1]",1.0
1340,"[0, 0, 0, 0]",0.0
1341,"[0, 0, 0, 2]",0.0
1342,"[8, 4, 2, 1]",1.0
1343,"[4, 4, 1, 2]",1.0
1344,"[3, 1, 0, 1]",0.0
1345,"[1, 1, 0, 2]",0.0
1346,"[2, 3, 5, 1]",1.0
1347,"[8, 1, 0, 2]",0.0
1348,"[2, 1, 3, 2]",0.0
1349,"[1, 0, 2, 2]",0.0
1350,"[3, 2, 2, 2]",0.0
1351,"[0, 0, 0, 0]",0.0
1352,"[1, 0, 0, 1]",0.0
1353,"[0, 1, 0, 1]",0.0
1354,"[2, 3, 4, 1]",1.0
1355,"[3, 1, 10, 2]",0.0
1356,"[1, 3, 5, 1]",1.0
1357,"[0, 0, 0, 0]",0.0
1358,"[0, 0, 0, 0]",0.0
1359,"[4, 3, 2, 1]",1.0
1360,"[0, 0, 0, 0]",0.0
1361,"[4, 2, 3, 1]",1.0
1362,"[4, 0, 4, 2]",0.0
1363,"[3, 4, 3, 1]",1.0
1364,"[2, 0, 1, 3]",0.0
1365,"[1, 2, 2, 2]",0.0
1366,"[3, 11, 6, 12]",0.0
1367,"[2, 0, 0, 2]",0.0
1368,"[1, 4, 3, 1]",1.0
1369,"[2, 0, 0, 1]",0.0
1370,"[3, 4, 4, 1]",1.0
1371,"[3, 4, 2, 3]",0.0
1372,"[0, 0, 0, 0]",0.0
1373,"[4, 4, 5, 1]",1.0
1374,"[1, 1, 0, 1]",0.0
1375,"[3, 2, 5, 1]",1.0
1376,"[2, 0, 0, 3]",0.0
1377,"[3, 4, 4, 1]",1.0
1378,"[3, 2, 5, 1]",1.0
1379,"[3, 2, 4, 1]",1.0
1380,"[3, 2, 3, 1]",1.0
1381,"[0, 0, 0, 0]",0.0
1382,"[8, 1, 3, 2]",0.0
1383,"[2, 2, 0, 2]",0.0
1384,"[2, 1, 0, 1]",0.0
1385,"[3, 3, 2, 1]",1.0
1386,"[0, 3, 3, 3]",0.0
1387,"[0, 0, 0, 0]",0.0
1388,"[2, 3, 2, 1]",1.0
1389,"[2, 4, 3, 1]",1.0
1390,"[5, 0, 4, 1]",1.0
1391,"[4, 3, 3, 1]",1.0
1392,"[6, 4, 3, 2]",1.0
1393,"[1, 4, 2, 1]",0.0
1394,"[3, 2, 4, 1]",0.0
1395,"[3, 2, 0, 7]",0.0
1396,"[2, 2, 2, 1]",1.0
1397,"[0, 0, 0, 0]",0.0
1398,"[2, 3, 4, 1]",1.0
1399,"[6, 3, 2, 1]",1.0
1400,"[3, 3, 2, 1]",1.0
1401,"[7, 1, 1, 2]",0.0
1402,"[3, 3, 4, 1]",1.0
1403,"[2, 0, 3, 1]",0.0
1404,"[6, 0, 5, 5]",0.0
1405,"[10, 1, 1, 2]",0.0
1406,"[2, 0, 0, 3]",0.0
1407,"[1, 1, 0, 1]",0.0
1408,"[3, 4, 4, 1]",1.0
1409,"[4, 3, 4, 1]",1.0
1410,"[5, 2, 9, 3]",0.0
1411,"[4, 2, 4, 1]",1.0
1412,"[3, 3, 3, 1]",1.0
1413,"[2, 1, 2, 1]",1.0
1414,"[2, 0, 0, 3]",0.0
1415,"[4, 3, 4, 1]",1.0
1416,"[2, 0, 3, 1]",0.0
1417,"[5, 2, 4, 2]",0.0
1418,"[3, 0, 0, 2]",0.0
1419,"[3, 1, 0, 2]",0.0
1420,"[4, 2, 1, 1]",0.0
1421,"[3, 0, 0, 1]",0.0
1422,"[0, 0, 0, 0]",0.0
1423,"[4, 1, 8, 3]",0.0
1424,"[3, 3, 1, 1]",1.0
1425,"[1, 0, 1, 4]",0.0
1426,"[2, 1, 0, 1]",0.0
1427,"[3, 3, 4, 2]",1.0
1428,"[3, 2, 0, 2]",0.0
1429,"[0, 0, 0, 1]",0.0
1430,"[4, 3, 1, 1]",1.0
1431,"[4, 1, 4, 1]",1.0
1432,"[6, 3, 5, 1]",1.0
1433,"[3, 1, 3, 1]",1.0
1434,"[4, 1, 1, 1]",0.0
1435,"[7, 1, 6, 2]",0.0
1436,"[0, 0, 0, 0]",0.0
1437,"[2, 3, 4, 1]",1.0
1438,"[4, 2, 0, 1]",0.0
1439,"[2, 3, 0, 1]",0.0
1440,"[6, 1, 1, 2]",0.0
1441,"[3, 2, 4, 1]",1.0
1442,"[0, 1, 0, 1]",0.0
1443,"[4, 3, 1, 2]",1.0
1444,"[0, 0, 0, 0]",0.0
1445,"[3, 1, 0, 2]",0.0
1446,"[5, 2, 3, 2]",0.0
1447,"[5, 3, 5, 1]",1.0
1448,"[0, 0, 0, 0]",0.0
1449,"[2, 0, 1, 1]",0.0
1450,"[3, 1, 1, 1]",1.0
1451,"[2, 1, 2, 1]",0.0
1452,"[4, 1, 3, 2]",0.0
1453,"[0, 0, 0, 0]",0.0
1454,"[5, 1, 1, 6]",0.0
1455,"[6, 3, 1, 2]",1.0
1456,"[5, 0, 5, 3]",0.0
1457,"[2, 2, 2, 1]",1.0
1458,"[4, 3, 3, 1]",1.0
1459,"[0, 0, 0, 0]",0.0
1460,"[1, 2, 2, 1]",1.0
1461,"[1, 4, 2, 1]",1.0
1462,"[0, 0, 0, 0]",0.0
1463,"[0, 0, 0, 1]",0.0
1464,"[7, 4, 3, 1]",1.0
1465,"[1, 0, 3, 1]",0.0
1466,"[3, 0, 0, 7]",0.0
1467,"[0, 0, 0, 0]",0.0
1468,"[2, 0, 1, 3]",0.0
1469,"[2, 1, 3, 1]",0.0
1470,"[0, 0, 0, 3]",0.0
1471,"[1, 1, 0, 1]",0.0
1472,"[3, 1, 3, 1]",1.0
1473,"[9, 2, 2, 10]",0.0
1474,"[3, 1, 0, 1]",0.0
1475,"[0, 2, 2, 1]",0.0
1476,"[0, 1, 0, 1]",0.0
1477,"[2, 2, 2, 1]",1.0
1478,"[5, 2, 4, 2]",1.0
1479,"[5, 0, 5, 3]",0.0
1480,"[0, 1, 1, 1]",0.0
1481,"[0, 0, 0, 0]",0.0
1482,"[3, 1, 0, 2]",0.0
1483,"[3, 1, 2, 3]",0.0
1484,"[5, 1, 3, 1]",1.0
1485,"[2, 0, 0, 2]",0.0
1486,"[4, 3, 3, 1]",1.0
1487,"[6, 1, 4, 18]",0.0
1488,"[1, 0, 0, 1]",0.0
1489,"[4, 1, 4, 1]",1.0
1490,"[4, 3, 2, 1]",1.0
1491,"[1, 2, 3, 1]",1.0
1492,"[4, 1, 5, 1]",1.0
1493,"[4, 2, 1, 1]",0.0
1494,"[4, 3, 4, 1]",1.0
1495,"[3, 0, 11, 3]",0.0
1496,"[2, 4, 4, 1]",1.0
1497,"[0, 0, 0, 0]",0.0
1498,"[2, 2, 4, 1]",1.0
1499,"[0, 0, 0, 0]",0.0
1500,"[3, 1, 2, 1]",1.0
1501,"[1, 0, 0, 2]",0.0
1502,"[1, 4, 1, 2]",0.0
1503,"[6, 2, 4, 1]",1.0
1504,"[4, 3, 4, 1]",1.0
1505,"[2, 1, 0, 1]",0.0
1506,"[2, 3, 2, 2]",1.0
1507,"[3, 0, 0, 2]",0.0
1508,"[0, 0, 0, 0]",0.0
1509,"[0, 0, 0, 1]",0.0
1510,"[0, 0, 0, 0]",0.0
1511,"[3, 2, 3, 1]",1.0
1512,"[5, 1, 3, 1]",1.0
1513,"[3, 2, 4, 1]",1.0
1514,"[5, 2, 6, 1]",1.0
1515,"[7, 1, 4, 2]",0.0
1516,"[4, 0, 1, 2]",0.0
1517,"[0, 0, 0, 1]",0.0
1518,"[2, 0, 0, 1]",0.0
1519,"[1, 2, 2, 1]",1.0
1520,"[8, 2, 3, 3]",0.0
1521,"[0, 0, 0, 0]",0.0
1522,"[2, 3, 2, 1]",1.0
1523,"[2, 4, 4, 1]",1.0
1524,"[1, 1, 3, 1]",1.0
1525,"[3, 2, 4, 2]",1.0
1526,"[6, 1, 8, 2]",0.0
1527,"[0, 0, 0, 0]",0.0
1528,"[7, 3, 4, 1]",1.0
1529,"[3, 3, 2, 1]",1.0
1530,"[4, 3, 4, 1]",1.0
1531,"[0, 0, 0, 0]",0.0
1532,"[2, 4, 3, 1]",1.0
1533,"[0, 0, 1, 1]",0.0
1534,"[3, 1, 0, 3]",0.0
1535,"[0, 0, 0, 0]",0.0
1536,"[3, 1, 3, 1]",1.0
1537,"[2, 0, 2, 3]",0.0
1538,"[3, 3, 4, 1]",1.0
1539,"[8, 0, 1, 5]",0.0
1540,"[2, 0, 0, 1]",0.0
1541,"[0, 2, 0, 1]",0.0
1542,"[4, 3, 2, 1]",1.0
1543,"[5, 0, 6, 2]",0.0
1544,"[0, 0, 1, 1]",0.0
1545,"[2, 1, 0, 1]",0.0
1546,"[0, 0, 0, 0]",0.0
1547,"[3, 0, 4, 1]",1.0
1548,"[8, 2, 1, 3]",0.0
1549,"[4, 3, 3, 1]",1.0
1550,"[0, 0, 0, 1]",0.0
1551,"[4, 2, 3, 1]",1.0
1552,"[2, 3, 4, 1]",1.0
1553,"[4, 4, 4, 1]",1.0
1554,"[1, 0, 0, 2]",0.0
1555,"[5, 2, 4, 1]",1.0
1556,"[5, 0, 0, 1]",0.0
1557,"[3, 2, 5, 1]",1.0
1558,"[1, 0, 0, 1]",0.0
1559,"[5, 0, 1, 6]",0.0
1560,"[4, 4, 3, 2]",1.0
1561,"[1, 0, 0, 1]",0.0
1562,"[6, 3, 3, 1]",1.0
1563,"[7, 3, 4, 2]",1.0
1564,"[0, 0, 0, 0]",0.0
1565,"[1, 2, 3, 1]",1.0
1566,"[5, 1, 4, 2]",0.0
1567,"[0, 1, 2, 1]",0.0
1568,"[2, 4, 2, 1]",1.0
1569,"[7, 1, 5, 2]",0.0
1570,"[0, 0, 0, 1]",0.0
1571,"[4, 2, 1, 10]",0.0
1572,"[2, 2, 2, 1]",1.0
1573,"[5, 3, 3, 1]",1.0
1574,"[5, 3, 2, 1]",1.0
1575,"[1, 1, 0, 1]",0.0
1576,"[2, 4, 3, 1]",1.0
1577,"[0, 0, 0, 0]",0.0
1578,"[2, 1, 0, 4]",0.0
1579,"[4, 3, 3, 1]",1.0
1580,"[7, 3, 3, 1]",1.0
1581,"[0, 1, 1, 2]",0.0
1582,"[2, 3, 5, 2]",1.0
1583,"[0, 0, 0, 0]",0.0
1584,"[0, 1, 0, 1]",0.0
1585,"[5, 5, 5, 4]",1.0
1586,"[5, 1, 0, 1]",0.0
1587,"[0, 0, 1, 2]",0.0
1588,"[6, 3, 4, 2]",1.0
1589,"[0, 1, 0, 1]",0.0
1590,"[2, 1, 0, 1]",0.0
1591,"[8, 3, 2, 1]",1.0
1592,"[9, 4, 2, 1]",1.0
1593,"[0, 0, 0, 1]",0.0
1594,"[0, 2, 0, 1]",0.0
1595,"[0, 0, 0, 0]",0.0
1596,"[3, 2, 6, 6]",0.0
1597,"[0, 0, 0, 0]",0.0
1598,"[0, 0, 0, 1]",0.0
1599,"[6, 3, 2, 1]",1.0
1600,"[2, 3, 3, 2]",1.0
1601,"[3, 2, 4, 0]",1.0
1602,"[0, 1, 0, 1]",0.0
1603,"[0, 0, 0, 1]",0.0
1604,"[2, 1, 1, 2]",0.0
1605,"[2, 4, 4, 1]",1.0
1606,"[1, 0, 2, 1]",0.0
1607,"[0, 0, 0, 0]",0.0
1608,"[4, 0, 3, 5]",0.0
1609,"[2, 0, 0, 2]",0.0
1610,"[5, 0, 0, 2]",0.0
1611,"[2, 1, 4, 2]",0.0
1612,"[2, 3, 0, 2]",0.0
1613,"[2, 2, 5, 2]",0.0
1614,"[2, 0, 0, 3]",0.0
1615,"[2, 0, 0, 1]",0.0
1616,"[5, 4, 5, 1]",1.0
1617,"[1, 3, 4, 1]",1.0
1618,"[0, 0, 0, 0]",0.0
1619,"[2, 2, 3, 2]",1.0
1620,"[5, 0, 5, 2]",0.0
1621,"[0, 3, 4, 1]",1.0
1622,"[0, 0, 0, 0]",0.0
1623,"[1, 2, 0, 1]",0.0
1624,"[6, 3, 4, 1]",1.0
1625,"[0, 2, 1, 3]",0.0
1626,"[3, 3, 3, 1]",1.0
1627,"[5, 0, 3, 2]",0.0
1628,"[5, 2, 5, 9]",0.0
1629,"[0, 3, 2, 1]",1.0
1630,"[6, 1, 3, 1]",1.0
1631,"[3, 3, 1, 1]",0.0
1632,"[2, 0, 0, 6]",0.0
1633,"[6, 1, 4, 1]",1.0
1634,"[2, 3, 3, 1]",1.0
1635,"[4, 2, 1, 1]",0.0
1636,"[0, 1, 0, 1]",0.0
1637,"[4, 3, 3, 1]",1.0
1638,"[1, 0, 0, 1]",0.0
1639,"[2, 0, 1, 1]",0.0
1640,"[0, 4, 2, 1]",1.0
1641,"[3, 1, 2, 2]",0.0
1642,"[1, 2, 0, 1]",0.0
1643,"[1, 2, 2, 1]",1.0
1644,"[5, 3, 2, 1]",1.0
1645,"[1, 0, 1, 2]",0.0
1646,"[5, 1, 1, 3]",0.0
1647,"[0, 0, 1, 0]",0.0
1648,"[4, 3, 5, 1]",1.0
1649,"[5, 2, 4, 1]",1.0
1650,"[1, 0, 0, 2]",0.0
1651,"[0, 0, 0, 0]",0.0
1652,"[2, 3, 3, 1]",1.0
1653,"[1, 0, 1, 1]",0.0
1654,"[0, 1, 0, 1]",0.0
1655,"[4, 0, 2, 1]",1.0
1656,"[2, 0, 0, 2]",0.0
1657,"[3, 0, 0, 3]",0.0
1658,"[5, 1, 5, 2]",1.0
1659,"[3, 3, 4, 2]",0.0
1660,"[2, 4, 2, 2]",1.0
1661,"[2, 0, 0, 1]",0.0
1662,"[3, 1, 0, 2]",0.0
1663,"[5, 3, 6, 2]",1.0
1664,"[3, 2, 3, 1]",1.0
1665,"[2, 0, 0, 1]",0.0
1666,"[4, 0, 0, 4]",0.0
1667,"[8, 3, 2, 1]",1.0
1668,"[6, 1, 3, 9]",0.0
1669,"[4, 2, 4, 1]",1.0
1670,"[3, 1, 0, 1]",0.0
1671,"[0, 0, 0, 0]",0.0
1672,"[1, 0, 0, 4]",0.0
1673,"[1, 1, 0, 2]",0.0
1674,"[2, 3, 2, 1]",1.0
1675,"[0, 2, 4, 5]",0.0
1676,"[3, 3, 3, 2]",1.0
1677,"[1, 0, 0, 2]",0.0
1678,"[2, 1, 6, 2]",0.0
1679,"[3, 0, 2, 3]",0.0
1680,"[3, 3, 4, 1]",1.0
1681,"[0, 0, 0, 0]",0.0
1682,"[0, 0, 0, 0]",0.0
1683,"[2, 3, 2, 1]",1.0
1684,"[5, 2, 3, 1]",1.0
1685,"[7, 1, 0, 1]",0.0
1686,"[0, 0, 0, 0]",0.0
1687,"[4, 2, 4, 1]",1.0
1688,"[0, 0, 0, 0]",0.0
1689,"[3, 3, 4, 1]",1.0
1690,"[1, 0, 4, 1]",1.0
1691,"[0, 0, 0, 0]",0.0
1692,"[1, 0, 0, 2]",0.0
1693,"[3, 2, 4, 1]",1.0
1694,"[3, 2, 4, 1]",1.0
1695,"[1, 1, 2, 3]",0.0
1696,"[2, 0, 6, 3]",0.0
1697,"[4, 3, 4, 1]",1.0
1698,"[2, 1, 2, 1]",0.0
1699,"[2, 0, 0, 8]",0.0
1700,"[4, 3, 3, 1]",1.0
1701,"[3, 3, 3, 1]",1.0
1702,"[2, 1, 0, 3]",0.0
1703,"[3, 0, 4, 2]",0.0
1704,"[0, 0, 0, 0]",0.0
1705,"[4, 3, 2, 1]",1.0
1706,"[6, 0, 5, 1]",0.0
1707,"[5, 4, 0, 2]",0.0
1708,"[4, 2, 0, 1]",0.0
1709,"[5, 2, 4, 1]",1.0
1710,"[4, 4, 3, 1]",1.0
1711,"[10, 0, 5, 3]",0.0
1712,"[0, 0, 0, 1]",0.0
1713,"[3, 3, 4, 2]",1.0
1714,"[4, 3, 7, 3]",0.0
1715,"[4, 2, 5, 1]",1.0
1716,"[2, 2, 3, 1]",1.0
1717,"[4, 2, 5, 2]",0.0
1718,"[3, 0, 2, 2]",0.0
1719,"[3, 2, 4, 1]",1.0
1720,"[1, 0, 0, 2]",0.0
1721,"[0, 0, 0, 0]",0.0
1722,"[0, 0, 0, 1]",0.0
1723,"[3, 3, 5, 1]",1.0
1724,"[3, 0, 5, 2]",0.0
1725,"[5, 4, 3, 1]",1.0
1726,"[5, 0, 0, 1]",0.0
1727,"[3, 2, 4, 1]",1.0
1728,"[3, 0, 2, 4]",0.0
1729,"[9, 1, 2, 6]",0.0
1730,"[1, 2, 0, 1]",0.0
1731,"[2, 2, 0, 1]",0.0
1732,"[4, 4, 4, 1]",1.0
1733,"[1, 1, 1, 2]",0.0
1734,"[4, 1, 1, 1]",0.0
1735,"[6, 3, 3, 3]",0.0
1736,"[2, 3, 4, 1]",1.0
1737,"[1, 3, 3, 1]",1.0
1738,"[1, 0, 0, 1]",0.0
1739,"[2, 3, 4, 1]",1.0
1740,"[5, 1, 5, 1]",1.0
1741,"[0, 1, 0, 1]",0.0
1742,"[4, 3, 2, 1]",1.0
1743,"[2, 1, 1, 2]",0.0
1744,"[0, 1, 4, 1]",0.0
1745,"[2, 2, 4, 1]",1.0
1746,"[4, 1, 2, 2]",1.0
1747,"[3, 1, 2, 4]",0.0
1748,"[2, 1, 2, 1]",0.0
1749,"[5, 4, 5, 1]",1.0
1750,"[6, 2, 5, 1]",1.0
1751,"[2, 0, 0, 1]",0.0
1752,"[0, 0, 0, 1]",0.0
1753,"[3, 2, 4, 1]",1.0
1754,"[1, 3, 3, 1]",1.0
1755,"[3, 3, 3, 1]",1.0
1756,"[1, 0, 0, 7]",0.0
1757,"[1, 3, 5, 1]",1.0
1758,"[3, 4, 5, 1]",1.0
1759,"[0, 0, 0, 0]",0.0
1760,"[4, 1, 3, 1]",1.0
1761,"[3, 0, 0, 1]",0.0
1762,"[3, 3, 4, 1]",1.0
1763,"[7, 1, 8, 2]",0.0
1764,"[1, 3, 4, 1]",1.0
1765,"[6, 1, 4, 2]",0.0
1766,"[3, 1, 0, 1]",0.0
1767,"[0, 0, 0, 0]",0.0
1768,"[1, 2, 4, 1]",1.0
1769,"[2, 0, 0, 2]",0.0
1770,"[1, 0, 0, 3]",0.0
1771,"[1, 1, 0, 1]",0.0
1772,"[2, 2, 3, 1]",1.0
1773,"[0, 0, 2, 6]",0.0
1774,"[1, 2, 4, 1]",0.0
1775,"[4, 1, 4, 1]",1.0
1776,"[1, 0, 1, 4]",0.0
1777,"[0, 1, 1, 1]",0.0
1778,"[0, 0, 0, 0]",0.0
1779,"[1, 1, 0, 1]",0.0
1780,"[1, 4, 4, 1]",1.0
1781,"[6, 1, 1, 2]",0.0
1782,"[2, 3, 4, 1]",1.0
1783,"[4, 1, 7, 1]",1.0
1784,"[0, 0, 0, 0]",0.0
1785,"[4, 3, 3, 1]",1.0
1786,"[4, 1, 2, 1]",0.0
1787,"[0, 0, 0, 0]",0.0
1788,"[3, 1, 3, 2]",0.0
1789,"[4, 4, 2, 1]",1.0
1790,"[4, 0, 1, 1]",0.0
1791,"[0, 0, 0, 0]",0.0
1792,"[2, 3, 2, 1]",1.0
1793,"[6, 3, 6, 1]",1.0
1794,"[2, 3, 1, 2]",1.0
1795,"[5, 1, 1, 4]",0.0
1796,"[3, 1, 3, 1]",1.0
1797,"[7, 0, 3, 7]",0.0
1798,"[0, 0, 0, 2]",0.0
1799,"[6, 3, 4, 2]",1.0
1800,"[1, 2, 2, 7]",0.0
1801,"[3, 4, 4, 1]",1.0
1802,"[2, 2, 4, 1]",1.0
1803,"[3, 3, 3, 1]",1.0
1804,"[2, 0, 2, 2]",0.0
1805,"[5, 3, 3, 1]",1.0
1806,"[4, 2, 3, 2]",0.0
1807,"[3, 0, 6, 3]",0.0
1808,"[1, 1, 1, 1]",0.0
1809,"[0, 0, 0, 0]",0.0
1810,"[3, 3, 3, 1]",1.0
1811,"[0, 3, 1, 1]",1.0
1812,"[6, 1, 3, 1]",0.0
1813,"[0, 0, 0, 2]",0.0
1814,"[4, 4, 2, 1]",1.0
1815,"[5, 4, 4, 1]",1.0
1816,"[5, 3, 2, 1]",1.0
1817,"[1, 0, 0, 4]",0.0
1818,"[4, 3, 4, 1]",1.0
1819,"[2, 1, 0, 1]",0.0
1820,"[0, 0, 0, 0]",0.0
1821,"[0, 1, 0, 1]",0.0
1822,"[4, 3, 5, 1]",1.0
1823,"[7, 1, 0, 2]",0.0
1824,"[4, 3, 1, 2]",1.0
1825,"[1, 1, 0, 3]",0.0
1826,"[2, 2, 3, 2]",0.0
1827,"[4, 4, 2, 1]",1.0
1828,"[4, 3, 5, 1]",1.0
1829,"[0, 1, 0, 1]",0.0
1830,"[6, 3, 4, 1]",1.0
1831,"[4, 3, 3, 1]",1.0
1832,"[4, 1, 2, 1]",1.0
1833,"[7, 3, 3, 1]",1.0
1834,"[0, 0, 0, 0]",0.0
1835,"[4, 3, 2, 2]",1.0
1836,"[2, 0, 0, 2]",0.0
1837,"[5, 3, 3, 2]",1.0
1838,"[1, 3, 4, 1]",1.0
1839,"[4, 3, 4, 1]",1.0
1840,"[6, 2, 4, 1]",1.0
1841,"[1, 1, 0, 1]",0.0
1842,"[3, 0, 6, 7]",0.0
1843,"[6, 1, 3, 6]",0.0
1844,"[0, 0, 0, 0]",0.0
1845,"[6, 3, 4, 1]",1.0
1846,"[1, 3, 0, 2]",0.0
1847,"[4, 0, 1, 1]",0.0
1848,"[5, 3, 3, 1]",1.0
1849,"[4, 1, 6, 1]",0.0
1850,"[4, 1, 0, 1]",0.0
1851,"[2, 1, 2, 6]",0.0
1852,"[1, 2, 0, 2]",0.0
1853,"[4, 3, 4, 1]",1.0
1854,"[4, 3, 4, 1]",1.0
1855,"[1, 4, 1, 1]",1.0
1856,"[0, 2, 0, 1]",0.0
1857,"[1, 4, 1, 1]",1.0
1858,"[5, 1, 0, 6]",0.0
1859,"[2, 3, 4, 1]",1.0
1860,"[3, 3, 2, 1]",1.0
1861,"[2, 1, 0, 3]",0.0
1862,"[9, 2, 5, 2]",1.0
1863,"[4, 1, 2, 2]",0.0
1864,"[1, 0, 1, 8]",0.0
1865,"[5, 0, 0, 2]",0.0
1866,"[1, 2, 4, 1]",1.0
1867,"[2, 1, 7, 2]",0.0
1868,"[2, 1, 1, 1]",0.0
1869,"[4, 1, 1, 1]",0.0
1870,"[3, 1, 1, 1]",1.0
1871,"[0, 2, 0, 1]",0.0
1872,"[2, 4, 3, 3]",1.0
1873,"[2, 4, 3, 2]",1.0
1874,"[4, 3, 3, 1]",1.0
1875,"[0, 3, 2, 3]",0.0
1876,"[0, 0, 0, 0]",0.0
1877,"[3, 3, 2, 1]",1.0
1878,"[2, 2, 4, 1]",1.0
1879,"[1, 0, 0, 2]",0.0
1880,"[3, 1, 0, 2]",0.0
1881,"[3, 2, 3, 1]",1.0
1882,"[3, 1, 2, 1]",0.0
1883,"[0, 0, 0, 0]",0.0
1884,"[0, 4, 2, 1]",1.0
1885,"[1, 0, 0, 4]",0.0
1886,"[3, 0, 4, 6]",0.0
1887,"[0, 1, 0, 4]",0.0
1888,"[3, 2, 1, 2]",1.0
1889,"[0, 0, 0, 0]",0.0
1890,"[3, 2, 2, 1]",1.0
1891,"[4, 2, 2, 1]",1.0
1892,"[1, 2, 2, 3]",0.0
1893,"[5, 3, 2, 1]",1.0
1894,"[0, 1, 1, 1]",0.0
1895,"[3, 1, 0, 2]",0.0
1896,"[5, 4, 2, 1]",1.0
1897,"[4, 4, 2, 1]",1.0
1898,"[2, 0, 0, 6]",0.0
1899,"[1, 0, 0, 3]",0.0
1900,"[6, 2, 1, 2]",0.0
1901,"[0, 0, 0, 0]",0.0
1902,"[5, 3, 4, 1]",1.0
1903,"[1, 2, 2, 4]",0.0
1904,"[1, 1, 0, 4]",0.0
1905,"[1, 1, 0, 1]",0.0
1906,"[1, 0, 4, 1]",1.0
1907,"[3, 1, 3, 1]",0.0
1908,"[2, 3, 2, 2]",1.0
1909,"[0, 2, 0, 1]",0.0
1910,"[3, 4, 2, 1]",1.0
1911,"[2, 1, 4, 3]",0.0
1912,"[0, 2, 0, 1]",0.0
1913,"[1, 3, 3, 1]",1.0
1914,"[1, 0, 0, 3]",0.0
1915,"[0, 4, 3, 1]",1.0
1916,"[0, 1, 5, 1]",0.0
1917,"[2, 5, 3, 2]",1.0
1918,"[1, 3, 2, 1]",1.0
1919,"[3, 2, 2, 1]",1.0
1920,"[3, 4, 2, 1]",1.0
1921,"[0, 0, 0, 0]",0.0
1922,"[0, 0, 0, 0]",0.0
1923,"[0, 0, 0, 4]",0.0
1924,"[1, 2, 2, 1]",0.0
1925,"[7, 0, 7, 2]",0.0
1926,"[6, 3, 4, 1]",1.0
1927,"[2, 1, 1, 2]",0.0
1928,"[5, 4, 4, 1]",1.0
1929,"[3, 4, 4, 1]",1.0
1930,"[0, 0, 4, 1]",0.0
1931,"[1, 0, 2, 1]",0.0
1932,"[4, 2, 3, 1]",1.0
1933,"[6, 0, 0, 2]",0.0
1934,"[1, 1, 2, 3]",0.0
1935,"[3, 1, 4, 1]",1.0
1936,"[4, 0, 6, 1]",0.0
1937,"[1, 3, 1, 2]",0.0
1938,"[6, 2, 3, 1]",1.0
1939,"[4, 1, 0, 4]",0.0
1940,"[4, 3, 3, 1]",1.0
1941,"[4, 0, 4, 9]",0.0
1942,"[0, 0, 0, 0]",0.0
1943,"[4, 2, 3, 1]",1.0
1944,"[3, 2, 3, 1]",1.0
1945,"[1, 0, 1, 1]",0.0
1946,"[6, 2, 6, 1]",1.0
1947,"[7, 1, 5, 2]",0.0
1948,"[3, 3, 1, 2]",0.0
1949,"[3, 1, 2, 1]",0.0
1950,"[6, 1, 2, 2]",1.0
1951,"[0, 0, 0, 0]",0.0
1952,"[6, 2, 3, 3]",1.0
1953,"[6, 3, 2, 1]",1.0
1954,"[0, 1, 0, 1]",0.0
1955,"[9, 3, 4, 2]",0.0
1956,"[0, 1, 1, 1]",0.0
1957,"[0, 0, 0, 0]",0.0
1958,"[10, 3, 3, 1]",1.0
1959,"[3, 2, 3, 2]",0.0
1960,"[3, 4, 0, 2]",0.0
1961,"[0, 1, 0, 1]",0.0
1962,"[2, 3, 4, 1]",1.0
1963,"[0, 0, 0, 1]",0.0
1964,"[4, 1, 1, 1]",0.0
1965,"[3, 2, 3, 1]",1.0
1966,"[2, 1, 1, 2]",0.0
1967,"[1, 4, 4, 2]",0.0
1968,"[2, 4, 6, 1]",1.0
1969,"[3, 0, 0, 1]",0.0
1970,"[5, 3, 4, 2]",1.0
1971,"[1, 2, 1, 1]",0.0
1972,"[0, 0, 0, 0]",0.0
1973,"[5, 4, 3, 1]",1.0
1974,"[0, 0, 0, 0]",0.0
1975,"[6, 4, 5, 1]",1.0
1976,"[1, 0, 0, 2]",0.0
1977,"[3, 1, 7, 2]",0.0
1978,"[3, 2, 3, 2]",0.0
1979,"[0, 0, 0, 0]",0.0
1980,"[5, 4, 3, 1]",1.0
1981,"[3, 1, 1, 2]",0.0
1982,"[2, 1, 2, 1]",0.0
1983,"[2, 3, 4, 1]",1.0
1984,"[4, 4, 3, 1]",1.0
1985,"[2, 0, 1, 2]",0.0
1986,"[6, 4, 2, 1]",0.0
1987,"[4, 2, 8, 4]",0.0
1988,"[4, 4, 2, 2]",1.0
1989,"[2, 0, 0, 1]",0.0
1990,"[1, 1, 0, 1]",0.0
1991,"[1, 1, 1, 2]",0.0
1992,"[0, 0, 0, 0]",0.0
1993,"[0, 0, 0, 0]",0.0
1994,"[5, 2, 1, 1]",1.0
1995,"[2, 3, 3, 1]",1.0
1996,"[1, 0, 0, 2]",0.0
1997,"[2, 3, 4, 1]",1.0
1998,"[2, 2, 1, 4]",0.0
1999,"[1, 1, 1, 2]",0.0
2000,"[2, 3, 4, 1]",1.0
2001,"[1, 1, 1, 1]",0.0
2002,"[0, 4, 2, 2]",0.0
2003,"[5, 1, 2, 9]",0.0
2004,"[2, 3, 3, 1]",1.0
2005,"[4, 2, 3, 1]",1.0
2006,"[3, 3, 5, 1]",1.0
2007,"[1, 1, 1, 3]",0.0
2008,"[1, 0, 0, 1]",0.0
2009,"[5, 3, 6, 2]",1.0
2010,"[7, 3, 1, 4]",1.0
2011,"[6, 0, 1, 2]",0.0
2012,"[0, 0, 0, 0]",0.0
2013,"[5, 1, 0, 1]",0.0
2014,"[3, 3, 3, 2]",1.0
2015,"[6, 2, 3, 1]",1.0
2016,"[2, 0, 0, 2]",0.0
2017,"[5, 3, 3, 1]",1.0
2018,"[2, 0, 0, 6]",0.0
2019,"[5, 3, 3, 3]",1.0
2020,"[5, 4, 5, 1]",1.0
2021,"[1, 4, 3, 1]",1.0
2022,"[0, 0, 1, 1]",0.0
2023,"[1, 0, 0, 3]",0.0
2024,"[4, 3, 3, 1]",1.0
2025,"[10, 1, 4, 17]",0.0
2026,"[4, 4, 5, 4]",1.0
2027,"[3, 1, 1, 1]",0.0
2028,"[0, 0, 0, 0]",0.0
2029,"[2, 1, 0, 0]",0.0
2030,"[4, 3, 2, 1]",1.0
2031,"[5, 4, 2, 2]",1.0
2032,"[0, 0, 0, 1]",0.0
2033,"[0, 0, 1, 1]",0.0
2034,"[9, 2, 1, 9]",0.0
2035,"[1, 1, 0, 1]",0.0
2036,"[2, 6, 2, 3]",0.0
2037,"[6, 3, 3, 17]",0.0
2038,"[1, 3, 3, 2]",1.0
2039,"[1, 0, 0, 2]",0.0
2040,"[0, 0, 0, 0]",0.0
2041,"[2, 2, 1, 10]",0.0
2042,"[3, 2, 4, 3]",1.0
2043,"[0, 0, 0, 1]",0.0
2044,"[1, 4, 2, 1]",1.0
2045,"[2, 3, 3, 2]",0.0
2046,"[1, 0, 0, 2]",0.0
2047,"[2, 6, 1, 9]",0.0
2048,"[2, 2, 3, 1]",1.0
2049,"[1, 1, 0, 1]",0.0
2050,"[2, 2, 4, 2]",1.0
2051,"[2, 3, 4, 3]",1.0
2052,"[0, 0, 0, 1]",0.0
2053,"[4, 1, 0, 3]",0.0
2054,"[4, 2, 4, 1]",1.0
2055,"[2, 3, 4, 1]",1.0
2056,"[2, 2, 0, 2]",1.0
2057,"[2, 0, 0, 1]",0.0
2058,"[3, 3, 2, 2]",1.0
2059,"[2, 3, 3, 1]",1.0
2060,"[1, 1, 0, 1]",0.0
2061,"[2, 0, 1, 3]",0.0
2062,"[2, 3, 3, 1]",1.0
2063,"[3, 3, 3, 2]",1.0
2064,"[3, 0, 0, 2]",0.0
2065,"[1, 0, 0, 2]",0.0
2066,"[0, 0, 0, 0]",0.0
2067,"[3, 2, 5, 1]",1.0
2068,"[4, 1, 3, 2]",0.0
2069,"[3, 1, 0, 4]",0.0
2070,"[6, 3, 3, 3]",1.0
2071,"[3, 1, 3, 1]",1.0
2072,"[0, 1, 0, 1]",0.0
2073,"[0, 2, 0, 1]",0.0
2074,"[4, 3, 3, 1]",1.0
2075,"[4, 2, 3, 1]",1.0
2076,"[3, 3, 5, 1]",1.0
2077,"[1, 1, 2, 1]",0.0
2078,"[1, 2, 4, 1]",1.0
2079,"[6, 4, 4, 1]",1.0
2080,"[0, 0, 0, 0]",0.0
2081,"[4, 2, 1, 1]",1.0
2082,"[0, 0, 0, 3]",0.0
2083,"[0, 0, 0, 2]",0.0
2084,"[5, 0, 2, 1]",0.0
2085,"[4, 4, 4, 1]",1.0
2086,"[0, 2, 1, 1]",0.0
2087,"[4, 3, 3, 1]",1.0
2088,"[4, 2, 4, 1]",1.0
2089,"[1, 0, 0, 2]",0.0
2090,"[0, 3, 3, 1]",1.0
2091,"[4, 5, 6, 18]",0.0
2092,"[2, 0, 0, 1]",0.0
2093,"[4, 4, 1, 2]",1.0
2094,"[4, 2, 3, 3]",1.0
2095,"[1, 2, 3, 1]",0.0
2096,"[2, 1, 4, 2]",0.0
2097,"[0, 0, 0, 0]",0.0
2098,"[2, 4, 2, 2]",1.0
2099,"[3, 1, 2, 9]",0.0
2100,"[6, 0, 0, 3]",0.0
2101,"[3, 3, 3, 1]",1.0
2102,"[1, 1, 0, 1]",0.0
2103,"[1, 2, 2, 1]",1.0
2104,"[3, 0, 1, 1]",0.0
2105,"[5, 2, 5, 2]",0.0
2106,"[4, 2, 3, 3]",1.0
2107,"[1, 1, 0, 2]",0.0
2108,"[4, 2, 3, 1]",1.0
2109,"[3, 1, 0, 6]",0.0
2110,"[4, 2, 2, 1]",0.0
2111,"[0, 0, 0, 0]",0.0
2112,"[0, 0, 2, 1]",0.0
2113,"[3, 4, 2, 1]",1.0
2114,"[4, 1, 0, 4]",0.0
2115,"[0, 0, 0, 1]",0.0
2116,"[1, 3, 2, 1]",1.0
2117,"[1, 1, 3, 1]",1.0
2118,"[1, 1, 3, 1]",0.0
2119,"[0, 0, 0, 0]",0.0
2120,"[4, 2, 2, 2]",0.0
2121,"[0, 1, 1, 1]",0.0
2122,"[1, 4, 4, 1]",1.0
2123,"[0, 2, 2, 1]",0.0
2124,"[6, 2, 2, 11]",0.0
2125,"[2, 2, 2, 1]",1.0
2126,"[4, 4, 3, 1]",1.0
2127,"[2, 3, 3, 1]",1.0
2128,"[4, 3, 3, 2]",1.0
2129,"[4, 3, 4, 1]",1.0
2130,"[4, 2, 3, 3]",0.0
2131,"[2, 3, 3, 1]",1.0
2132,"[0, 3, 3, 2]",0.0
2133,"[0, 2, 0, 1]",0.0
2134,"[2, 4, 2, 1]",1.0
2135,"[1, 2, 0, 1]",0.0
2136,"[4, 3, 1, 3]",0.0
2137,"[2, 1, 0, 1]",0.0
2138,"[6, 1, 0, 5]",0.0
2139,"[4, 1, 2, 2]",1.0
2140,"[3, 2, 2, 1]",1.0
2141,"[1, 3, 4, 1]",1.0
2142,"[3, 0, 1, 1]",0.0
2143,"[6, 0, 2, 9]",0.0
2144,"[4, 2, 2, 1]",1.0
2145,"[1, 0, 1, 1]",0.0
2146,"[2, 3, 2, 1]",1.0
2147,"[6, 1, 3, 5]",0.0
2148,"[1, 2, 5, 1]",1.0
2149,"[3, 3, 3, 1]",1.0
2150,"[3, 0, 3, 2]",0.0
2151,"[2, 3, 2, 3]",0.0
2152,"[4, 2, 3, 1]",1.0
2153,"[1, 1, 3, 1]",0.0
2154,"[3, 2, 1, 2]",0.0
2155,"[2, 1, 0, 4]",0.0
2156,"[1, 1, 0, 1]",0.0
2157,"[2, 4, 4, 1]",1.0
2158,"[0, 0, 0, 0]",0.0
2159,"[3, 2, 3, 1]",1.0
2160,"[2, 3, 4, 1]",1.0
2161,"[1, 0, 1, 1]",0.0
2162,"[5, 3, 4, 2]",0.0
2163,"[3, 4, 6, 14]",0.0
2164,"[3, 2, 3, 1]",1.0
2165,"[1, 0, 0, 1]",0.0
2166,"[3, 2, 0, 1]",0.0
2167,"[5, 2, 4, 1]",1.0
2168,"[2, 3, 0, 1]",0.0
2169,"[3, 2, 3, 3]",1.0
2170,"[5, 1, 4, 2]",0.0
2171,"[3, 2, 4, 1]",1.0
2172,"[0, 0, 0, 0]",0.0
2173,"[4, 2, 4, 1]",1.0
2174,"[3, 3, 2, 1]",1.0
2175,"[0, 4, 1, 2]",0.0
2176,"[4, 3, 4, 1]",1.0
2177,"[4, 3, 3, 1]",1.0
2178,"[0, 0, 0, 0]",0.0
2179,"[2, 3, 4, 1]",1.0
2180,"[2, 4, 2, 1]",1.0
2181,"[2, 0, 0, 1]",0.0
2182,"[4, 1, 1, 1]",1.0
2183,"[1, 0, 0, 3]",0.0
2184,"[1, 3, 1, 1]",1.0
2185,"[2, 0, 0, 3]",0.0
2186,"[1, 4, 0, 1]",0.0
2187,"[4, 0, 6, 3]",0.0
2188,"[5, 2, 3, 1]",1.0
2189,"[0, 0, 0, 0]",0.0
2190,"[3, 2, 4, 3]",1.0
2191,"[5, 1, 4, 1]",1.0
2192,"[2, 0, 0, 1]",0.0
2193,"[2, 3, 2, 1]",1.0
2194,"[4, 0, 2, 1]",0.0
2195,"[4, 2, 4, 1]",1.0
2196,"[1, 4, 0, 0]",0.0
2197,"[4, 2, 4, 1]",1.0
2198,"[2, 3, 3, 1]",1.0
2199,"[4, 0, 0, 2]",0.0
2200,"[6, 2, 3, 1]",1.0
2201,"[1, 0, 0, 2]",0.0
2202,"[4, 3, 3, 3]",1.0
2203,"[5, 2, 5, 1]",1.0
2204,"[0, 0, 0, 1]",0.0
2205,"[3, 0, 0, 4]",0.0
2206,"[0, 1, 0, 1]",0.0
2207,"[4, 3, 3, 1]",1.0
2208,"[1, 0, 0, 1]",0.0
2209,"[2, 1, 3, 1]",1.0
2210,"[3, 3, 3, 1]",0.0
2211,"[1, 2, 5, 2]",0.0
2212,"[0, 0, 0, 0]",0.0
2213,"[6, 2, 4, 1]",1.0
2214,"[3, 2, 5, 1]",1.0
2215,"[6, 0, 0, 3]",0.0
2216,"[4, 2, 3, 1]",1.0
2217,"[1, 1, 1, 2]",0.0
2218,"[2, 0, 0, 3]",0.0
2219,"[0, 0, 0, 0]",0.0
2220,"[5, 3, 3, 1]",1.0
2221,"[2, 1, 2, 1]",0.0
2222,"[3, 3, 1, 1]",1.0
2223,"[2, 0, 0, 1]",0.0
2224,"[1, 2, 1, 2]",0.0
2225,"[4, 2, 5, 1]",1.0
2226,"[0, 0, 0, 0]",0.0
2227,"[3, 1, 5, 1]",1.0
2228,"[1, 3, 3, 1]",1.0
2229,"[0, 2, 2, 2]",0.0
2230,"[4, 3, 2, 1]",1.0
2231,"[2, 1, 2, 5]",0.0
2232,"[1, 3, 1, 2]",0.0
2233,"[7, 3, 3, 1]",1.0
2234,"[1, 0, 0, 2]",0.0
2235,"[0, 2, 1, 2]",0.0
2236,"[0, 0, 0, 1]",0.0
2237,"[2, 1, 1, 1]",0.0
2238,"[0, 0, 0, 0]",0.0
2239,"[7, 3, 3, 3]",1.0
2240,"[2, 1, 0, 1]",0.0
2241,"[2, 1, 3, 4]",0.0
2242,"[1, 2, 1, 1]",0.0
2243,"[3, 4, 4, 1]",1.0
2244,"[3, 1, 3, 1]",1.0
2245,"[1, 0, 5, 2]",0.0
2246,"[0, 0, 0, 1]",0.0
2247,"[2, 3, 3, 1]",1.0
2248,"[5, 0, 2, 3]",0.0
2249,"[2, 3, 2, 1]",1.0
2250,"[3, 3, 2, 1]",1.0
2251,"[2, 2, 2, 2]",0.0
2252,"[2, 1, 0, 5]",0.0
2253,"[3, 3, 2, 1]",1.0
2254,"[5, 3, 0, 3]",0.0
2255,"[1, 3, 3, 1]",1.0
2256,"[2, 0, 7, 3]",0.0
2257,"[2, 4, 3, 1]",1.0
2258,"[5, 1, 3, 1]",0.0
2259,"[2, 0, 0, 3]",0.0
2260,"[2, 1, 3, 1]",0.0
2261,"[3, 0, 0, 1]",0.0
2262,"[0, 0, 0, 1]",0.0
2263,"[0, 0, 0, 0]",0.0
2264,"[0, 0, 0, 0]",0.0
2265,"[3, 4, 3, 1]",1.0
2266,"[3, 3, 2, 1]",1.0
2267,"[3, 2, 2, 1]",1.0
2268,"[2, 2, 3, 1]",1.0
2269,"[2, 2, 1, 2]",0.0
2270,"[3, 1, 0, 2]",0.0
2271,"[2, 1, 2, 1]",1.0
2272,"[5, 2, 3, 2]",0.0
2273,"[3, 3, 4, 1]",1.0
2274,"[2, 0, 0, 6]",0.0
2275,"[3, 3, 2, 1]",1.0
2276,"[4, 0, 2, 3]",0.0
2277,"[0, 0, 0, 0]",0.0
2278,"[3, 4, 3, 1]",1.0
2279,"[2, 2, 0, 1]",0.0
2280,"[2, 0, 0, 3]",0.0
2281,"[0, 0, 0, 0]",0.0
2282,"[5, 0, 1, 7]",0.0
2283,"[2, 4, 2, 1]",1.0
2284,"[3, 1, 0, 2]",0.0
2285,"[1, 0, 0, 2]",0.0
2286,"[3, 3, 4, 1]",1.0
2287,"[4, 1, 0, 8]",0.0
2288,"[0, 3, 2, 1]",0.0
2289,"[4, 1, 3, 2]",1.0
2290,"[0, 0, 0, 0]",0.0
2291,"[3, 2, 3, 1]",1.0
2292,"[2, 3, 5, 13]",0.0
2293,"[1, 1, 2, 2]",0.0
2294,"[6, 4, 4, 1]",1.0
2295,"[1, 2, 1, 1]",0.0
2296,"[0, 0, 0, 0]",0.0
2297,"[3, 4, 5, 1]",1.0
2298,"[3, 3, 3, 1]",1.0
2299,"[0, 0, 0, 0]",0.0
2300,"[2, 3, 2, 1]",1.0
2301,"[3, 1, 0, 1]",0.0
2302,"[2, 3, 2, 1]",1.0
2303,"[0, 1, 0, 1]",0.0
2304,"[1, 3, 3, 4]",1.0
2305,"[1, 2, 0, 2]",0.0
2306,"[4, 2, 3, 1]",1.0
2307,"[0, 0, 0, 0]",0.0
2308,"[2, 3, 5, 1]",1.0
2309,"[2, 0, 2, 3]",0.0
2310,"[3, 0, 0, 1]",0.0
2311,"[2, 5, 4, 1]",1.0
2312,"[1, 0, 0, 3]",0.0
2313,"[0, 0, 0, 0]",0.0
2314,"[0, 0, 0, 1]",0.0
2315,"[0, 0, 0, 0]",0.0
2316,"[4, 3, 3, 1]",1.0
2317,"[2, 0, 0, 4]",0.0
2318,"[4, 4, 1, 1]",1.0
2319,"[8, 2, 3, 2]",1.0
2320,"[0, 0, 0, 0]",0.0
2321,"[8, 3, 5, 3]",1.0
2322,"[6, 3, 3, 1]",1.0
2323,"[4, 2, 4, 1]",1.0
2324,"[0, 1, 0, 1]",0.0
2325,"[4, 3, 4, 1]",1.0
2326,"[2, 3, 4, 1]",1.0
2327,"[1, 0, 1, 2]",0.0
2328,"[4, 3, 3, 1]",1.0
2329,"[5, 3, 3, 1]",1.0
2330,"[3, 0, 0, 2]",0.0
2331,"[0, 0, 0, 1]",0.0
2332,"[5, 1, 6, 1]",0.0
2333,"[8, 3, 2, 2]",1.0
2334,"[0, 0, 0, 1]",0.0
2335,"[7, 4, 4, 5]",1.0
2336,"[2, 2, 0, 3]",0.0
2337,"[1, 1, 0, 1]",0.0
2338,"[0, 0, 0, 0]",0.0
2339,"[0, 0, 0, 0]",0.0
2340,"[6, 2, 3, 1]",1.0
2341,"[1, 2, 0, 1]",0.0
2342,"[8, 3, 2, 1]",1.0
2343,"[7, 5, 4, 2]",1.0
2344,"[0, 0, 0, 0]",0.0
2345,"[1, 1, 1, 1]",0.0
2346,"[0, 0, 0, 0]",0.0
2347,"[2, 2, 3, 1]",1.0
2348,"[0, 1, 2, 1]",0.0
2349,"[0, 0, 0, 1]",0.0
2350,"[7, 2, 3, 1]",1.0
2351,"[3, 1, 1, 2]",0.0
2352,"[1, 0, 0, 2]",0.0
2353,"[0, 1, 2, 2]",0.0
2354,"[13, 3, 5, 1]",1.0
2355,"[5, 3, 3, 1]",1.0
2356,"[0, 1, 0, 2]",0.0
2357,"[2, 1, 1, 1]",0.0
2358,"[4, 0, 3, 2]",0.0
2359,"[0, 0, 0, 0]",0.0
2360,"[8, 0, 1, 3]",0.0
2361,"[0, 0, 0, 0]",0.0
2362,"[4, 3, 3, 1]",1.0
2363,"[4, 2, 3, 1]",1.0
2364,"[2, 0, 7, 2]",0.0
2365,"[1, 0, 0, 1]",0.0
2366,"[0, 0, 0, 0]",0.0
2367,"[5, 3, 4, 1]",1.0
2368,"[6, 2, 3, 2]",0.0
2369,"[4, 3, 7, 2]",1.0
2370,"[2, 3, 3, 1]",1.0
2371,"[4, 1, 1, 3]",0.0
2372,"[2, 0, 0, 4]",0.0
2373,"[0, 0, 0, 0]",0.0
